pfam_domain	id_pfam
7tm_2	PF00002
7tm_3	PF00003
ATP-synt_ab	PF00006
GTP_EFTU	PF00009
HLH	PF00010
HSP20	PF00011
HSP70	PF00012
KH_1	PF00013
Kunitz_BPTI	PF00014
SH2	PF00017
UPAR_LY6	PF00021
Actin	PF00022
Arf	PF00025
7tm_1	PF00001
EGF	PF00008
SH3_1	PF00018
cNMP_binding	PF00027
Cadherin	PF00028
Cystatin	PF00031
Cytochrom_C	PF00034
dsrm	PF00035
EF-hand_1	PF00036
Filament	PF00038
fn2	PF00040
fn3	PF00041
GST_C	PF00043
Gp_dh_N	PF00044
Hemopexin	PF00045
Homeodomain	PF00046
ig	PF00047
IL8	PF00048
Kazal_1	PF00050
Kringle	PF00051
Laminin_EGF	PF00053
Laminin_N	PF00055
Ldh_1_N	PF00056
Ldl_recept_a	PF00057
Ldl_recept_b	PF00058
Lectin_C	PF00059
Lig_chan	PF00060
Lipocalin	PF00061
Lys	PF00062
Myosin_head	PF00063
Notch	PF00066
p450	PF00067
Phospholip_A2_1	PF00068
Ras	PF00071
RnaseA	PF00074
RNase_H	PF00075
RRM_1	PF00076
RVT_1	PF00078
Serpin	PF00079
Sod_Cu	PF00080
Peptidase_S8	PF00082
Sugar_tr	PF00083
Sushi	PF00084
Thioredoxin	PF00085
Thyroglobulin_1	PF00086
Toxin_TOLIP	PF00087
Trypsin	PF00089
TSP_1	PF00090
Tubulin	PF00091
VWA	PF00092
VWC	PF00093
WAP	PF00095
zf-CCHC	PF00098
Zona_pellucida	PF00100
Y_phosphatase	PF00102
Hormone_recep	PF00104
zf-C4	PF00105
ADH_zinc_N	PF00107
Thiolase_N	PF00108
ketoacyl-synt	PF00109
Fer2	PF00111
Peptidase_C1	PF00112
Enolase_C	PF00113
COX2	PF00116
GATase	PF00117
Cpn60_TCP1	PF00118
Gln-synt_C	PF00120
TIM	PF00121
E1-E2_ATPase	PF00122
Histone	PF00125
Alpha-amylase	PF00128
MHC_I	PF00129
C1_1	PF00130
tRNA-synt_1	PF00133
Cyclin_N	PF00134
COesterase	PF00135
ATP-synt_C	PF00137
DNA_methylase	PF00145
Fibrinogen_C	PF00147
Metallophos	PF00149
tRNA-synt_2	PF00152
Mito_carr	PF00153
Aminotran_1_2	PF00155
Pou	PF00157
Pro_isomerase	PF00160
PGK	PF00162
Ribosomal_S4	PF00163
Ribosom_S12_S23	PF00164
Cpn10	PF00166
FGF	PF00167
C2	PF00168
PH	PF00169
bZIP_1	PF00170
Aldedh	PF00171
Cyt-b5	PF00173
NAD_binding_1	PF00175
SNF2_N	PF00176
Ribosomal_S7	PF00177
Ets	PF00178
UQ_con	PF00179
Iso_dh	PF00180
Ribosomal_L2	PF00181
HSP90	PF00183
OTCace	PF00185
CAP	PF00188
Ribosomal_S3_C	PF00189
Annexin	PF00191
Xlink	PF00193
Carb_anhydrase	PF00194
2-oxoacid_dh	PF00198
Catalase	PF00199
Disintegrin	PF00200
Aminotran_3	PF00202
Ribosomal_S19	PF00203
DNA_gyraseB	PF00204
Lyase_1	PF00206
A2M	PF00207
ELFV_dehydrog	PF00208
SNF	PF00209
Ferritin	PF00210
Guanylate_cyc	PF00211
ATP-gua_Ptrans	PF00217
IGFBP	PF00219
PK	PF00224
Kinesin	PF00225
DnaJ	PF00226
Proteasome	PF00227
MIP	PF00230
ATP-synt	PF00231
PDEase_I	PF00233
Profilin	PF00235
Ribosomal_L22	PF00237
Ribosomal_L14	PF00238
ubiquitin	PF00240
Cofilin_ADF	PF00241
14-3-3	PF00244
Alk_phosphatase	PF00245
Aldo_ket_red	PF00248
Myb_DNA-binding	PF00249
Forkhead	PF00250
Ribosomal_L16	PF00252
FKBP_C	PF00254
GSHPx	PF00255
Protamine_P1	PF00260
Tropomyosin	PF00261
Calreticulin	PF00262
DEAD	PF00270
Helicase_C	PF00271
Serum_albumin	PF00273
Glycolytic	PF00274
Ribosomal_L23	PF00276
Orn_DAP_Arg_deC	PF00278
Ribosomal_L5	PF00281
Citrate_synt	PF00285
Na_K-ATPase	PF00287
GHMP_kinases_N	PF00288
Biotin_carb_N	PF00289
NUDIX	PF00293
PfkB	PF00294
Ribosomal_L3	PF00297
Ribosomal_L11	PF00298
His_Phos_1	PF00300
ATP-synt_ab_C	PF00306
CH	PF00307
Ribosomal_S15	PF00312
CSD	PF00313
FBPase	PF00316
Ribonuc_red_lgN	PF00317
Ribosomal_S2	PF00318
SRF-TF	PF00319
GATA	PF00320
AA_permease	PF00324
Peptidase_S9	PF00326
Ribosomal_L30	PF00327
His_Phos_2	PF00328
Complex1_30kDa	PF00329
Aconitase	PF00330
Ribosomal_S5	PF00333
NDK	PF00334
Tetraspanin	PF00335
Gal-bind_lectin	PF00337
Ribosomal_S10	PF00338
Arrestin_N	PF00339
PDGF	PF00341
PGI	PF00342
Phosphorylase	PF00343
Complex1_49kDa	PF00346
Ribosomal_L6	PF00347
polyprenyl_synt	PF00348
Hexokinase_1	PF00349
Dynamin_N	PF00350
TBP	PF00352
Pentaxin	PF00354
Rieske	PF00355
Integrin_beta	PF00362
Biotin_lipoyl	PF00364
PFK	PF00365
Ribosomal_S17	PF00366
FGGY_N	PF00370
FERM_M	PF00373
SDF	PF00375
Prion	PF00377
ECH_1	PF00378
Ribosomal_S9	PF00380
TFIIB	PF00382
Molybdopterin	PF00384
Chromo	PF00385
C1q	PF00386
PI-PLC-Y	PF00387
PI-PLC-X	PF00388
2-Hacid_dh	PF00389
malic	PF00390
6PGD	PF00393
Cu-oxidase	PF00394
WW	PF00397
RrnaAD	PF00398
Calponin	PF00402
Transferrin	PF00405
ADK	PF00406
PGM_PMM_IV	PF00408
Ribosomal_S8	PF00410
Ribosomal_S11	PF00411
LIM	PF00412
Peptidase_M10	PF00413
MAP1B_neuraxin	PF00414
RCC1	PF00415
Ribosomal_S13	PF00416
Tubulin-binding	PF00418
Ribosomal_60s	PF00428
Pkinase_C	PF00433
Spectrin	PF00435
SSB	PF00436
S-AdoMet_synt_N	PF00438
Bromodomain	PF00439
Acyl-CoA_dh_1	PF00441
UCH	PF00443
Ribonuclease_T2	PF00445
HSF_DNA-bind	PF00447
SRP54	PF00448
Peptidase_S10	PF00450
Bcl-2	PF00452
Ribosomal_L20	PF00453
PI3_PI4_kinase	PF00454
Transketolase_N	PF00456
WHEP-TRS	PF00458
Inositol_P	PF00459
Glutaredoxin	PF00462
SHMT	PF00464
Ribosomal_L10	PF00466
KOW	PF00467
SSF	PF00474
G6PD_N	PF00479
PP2C	PF00481
PRK	PF00485
FA_desaturase	PF00487
MutS_V	PF00488
Arginase	PF00491
MCM	PF00493
FHA	PF00498
AMP-binding	PF00501
G-alpha	PF00503
HMG_box	PF00505
Arm	PF00514
TPR_1	PF00515
Ion_trans	PF00520
DNA_topoisoIV	PF00521
Crystallin	PF00525
SRCR	PF00530
Death	PF00531
BRCT	PF00533
Glycos_transf_1	PF00534
Glycos_transf_2	PF00535
SAM_1	PF00536
Linker_histone	PF00538
Ribosomal_L12	PF00542
Ligase_CoA	PF00549
PP-binding	PF00550
Formyl_trans_N	PF00551
RHD_DNA_bind	PF00554
Peptidase_M24	PF00557
LRR_1	PF00560
Abhydrolase_1	PF00561
RNA_pol_Rpb2_6	PF00562
PB1	PF00564
SNase	PF00565
RabGAP-TBC	PF00566
TUDOR	PF00567
WH1	PF00568
ZZ	PF00569
HRDC	PF00570
CBS	PF00571
Ribosomal_L13	PF00572
Ribosomal_L4	PF00573
CLP_protease	PF00574
S1	PF00575
AhpC-TSA	PF00578
tRNA-synt_1b	PF00579
Rhodanese	PF00581
Acetyltransf_1	PF00583
tRNA-synt_2b	PF00587
SpoU_methylase	PF00588
PDZ	PF00595
Aldolase_II	PF00596
DEP	PF00610
FCH	PF00611
IQ	PF00612
PI3Ka	PF00613
PLDc	PF00614
RGS	PF00615
RasGAP	PF00616
RasGEF	PF00617
RasGEF_N	PF00618
CARD	PF00619
RhoGAP	PF00620
RhoGEF	PF00621
RNA_pol_Rpb1_2	PF00623
Guanylate_kin	PF00625
Gelsolin	PF00626
UBA	PF00627
PHD	PF00628
MAM	PF00629
Filamin	PF00630
G-gamma	PF00631
HECT	PF00632
BRCA2	PF00634
Motile_Sperm	PF00635
Ribonuclease_3	PF00636
Clathrin	PF00637
Ran_BP1	PF00638
Rotamase	PF00639
PID	PF00640
zf-RanBP	PF00641
zf-CCCH	PF00642
zf-B_box	PF00643
PARP	PF00644
zf-PARP	PF00645
F-box	PF00646
EF1G	PF00647
Peptidase_C2	PF00648
CRAL_TRIO	PF00650
BTB	PF00651
BIR	PF00653
Voltage_CLC	PF00654
Peptidase_C14	PF00656
PABP	PF00658
POLO_box	PF00659
ABC_membrane	PF00664
Cathelicidins	PF00666
AdoHcyase_NAD	PF00670
Ribosomal_L5_C	PF00673
Peptidase_M16	PF00675
E1_dh	PF00676
EFG_C	PF00679
Plectin	PF00681
HMGL-like	PF00682
DnaJ_CXXCXGXG	PF00684
CBM_20	PF00686
Ribosomal_L1	PF00687
Cation_ATPase_C	PF00689
Cation_ATPase_N	PF00690
dUTPase	PF00692
Aconitase_C	PF00694
AA_kinase	PF00696
Acyl_transf_1	PF00698
Hydrolase	PF00702
Glyco_hydro_18	PF00704
PCNA_N	PF00705
Acylphosphatase	PF00708
IFN-gamma	PF00714
Pyrophosphatase	PF00719
Glyco_hydro_15	PF00723
3HCDH	PF00725
HhH-GPD	PF00730
AIRC	PF00731
Septin	PF00735
EF1_GNE	PF00736
tRNA-synt_1c	PF00749
tRNA-synt_1d	PF00750
XPG_N	PF00752
Lactamase_B	PF00753
F5_F8_type_C	PF00754
Carn_acyltransf	PF00755
Furin-like	PF00757
EPO_TPO	PF00758
THF_DHG_CYH	PF00763
ETF_alpha	PF00766
ERM	PF00769
RNB	PF00773
DIX	PF00778
BTK	PF00779
CNH	PF00780
DAGK_cat	PF00781
MyTH4	PF00784
PBD	PF00786
PX	PF00787
RA	PF00788
UBX	PF00789
VHS	PF00790
ZU5	PF00791
PI3K_C2	PF00792
PI3K_rbd	PF00794
PKD	PF00801
Syntaxin	PF00804
PUF	PF00806
CBFD_NFYB_HMF	PF00808
PMP22_Claudin	PF00822
Ribosomal_L15e	PF00827
Ribosomal_L27A	PF00828
Ribosomal_L29	PF00831
Ribosomal_L39	PF00832
Ribosomal_S17e	PF00833
SNAP-25	PF00835
TCTP	PF00838
Cys_rich_FGFR	PF00839
PseudoU_synth_2	PF00849
Hist_deacetyl	PF00850
Runt	PF00853
PWWP	PF00855
SET	PF00856
P2X_receptor	PF00864
XPG_I	PF00867
Transglut_N	PF00868
P53	PF00870
DNA_photolyase	PF00875
Nebulin	PF00880
Peptidase_M17	PF00883
ACBP	PF00887
Cullin	PF00888
EF_TS	PF00889
ThiF	PF00899
Ribosomal_S4e	PF00900
Glyoxalase	PF00903
T-box	PF00907
MATH	PF00917
TAL_FSA	PF00923
Transglut_C	PF00927
Adap_comp_sub	PF00928
RNase_T	PF00929
DPPIV_N	PF00930
LTD	PF00932
Ribosomal_L44	PF00935
RNA_pol	PF00940
FAD_binding_5	PF00941
HCO3_cotransp	PF00955
NAP	PF00956
Synaptobrevin	PF00957
FAD_binding_6	PF00970
Thioesterase	PF00975
CPSase_sm_chain	PF00988
PAS	PF00989
MoCF_biosynth	PF00994
Sec1	PF00995
GDI	PF00996
RNA_pol_A_bac	PF01000
IF-2B	PF01008
ETF	PF01012
Ribosomal_S3Ae	PF01015
STAT_alpha	PF01017
GTP1_OBG	PF01018
Ribosomal_L40e	PF01020
S_100	PF01023
GrpE	PF01025
Topoisom_I	PF01028
Recep_L_domain	PF01030
Dynamin_M	PF01031
Somatomedin_B	PF01033
Syndecan	PF01034
Carboxyl_trans	PF01039
PNP_UDP_1	PF01048
Cadherin_C	PF01049
Glyco_hydro_31	PF01055
Myc_N	PF01056
Activin_recp	PF01064
Calpain_III	PF01067
DNA_ligase_A_M	PF01068
Presenilin	PF01080
Clathrin_lg_ch	PF01086
Peptidase_C12	PF01088
Ribosomal_S19e	PF01090
Ribosomal_S6e	PF01092
Clusterin	PF01093
ANF_receptor	PF01094
TFIIS_C	PF01096
Uteroglobin	PF01099
HMG14_17	PF01101
Omp85	PF01103
Asparaginase_2	PF01112
DNA_mis_repair	PF01119
CoaE	PF01121
Heme_oxygenase	PF01126
Topoisom_bac	PF01131
ER	PF01133
PCMT	PF01135
RTC	PF01137
RNase_PH	PF01138
RtcB	PF01139
Band_7	PF01145
Fapy_DNA_glyco	PF01149
GDA1_CD39	PF01150
ELO	PF01151
Glypican	PF01153
Ribosomal_L21e	PF01157
Ribosomal_L36e	PF01158
Ribosomal_L6e	PF01159
PBP	PF01161
RIO1	PF01163
TSC22	PF01166
Ala_racemase_N	PF01168
SBDS	PF01172
eIF-1a	PF01176
Glucosamine_iso	PF01182
Methyltr_RsmB-F	PF01189
RNA_pol_Rpb5_C	PF01191
RNA_pol_L	PF01193
RNA_pol_N	PF01194
Ribosomal_L17	PF01196
Ribosomal_L31e	PF01198
Ribosomal_L34e	PF01199
Ribosomal_S28e	PF01200
Ribosomal_S8e	PF01201
CAP_N	PF01213
CK_II_beta	PF01214
COX5B	PF01215
Clat_adaptor_s	PF01217
Dynein_light	PF01221
ERG4_ERG24	PF01222
Endonuclease_NS	PF01223
HIT	PF01230
Ribosomal_L19	PF01245
Ribosomal_L24e	PF01246
Ribosomal_L35Ae	PF01247
Ribosomal_L7Ae	PF01248
Ribosomal_S21e	PF01249
Ribosomal_S7e	PF01251
SUI1	PF01253
TP2	PF01254
2Fe-2S_thioredx	PF01257
SAICAR_synt	PF01259
AlaDh_PNT_C	PF01262
F-actin_cap_A	PF01267
FTHFS	PF01268
Fibrillarin	PF01269
Myelin_PLP	PF01275
Ribosomal_L19e	PF01280
Ribosomal_S24e	PF01282
Ribosomal_S26e	PF01283
MARVEL	PF01284
eIF-5a	PF01287
LIF_OSM	PF01291
Ribosomal_L13e	PF01294
Galanin	PF01296
CAP_GLY	PF01302
Ald_Xan_dh_C	PF01315
DSBA	PF01323
DED	PF01335
tRNA_anti-codon	PF01336
SAND	PF01342
Kelch_1	PF01344
KRAB	PF01352
FYVE	PF01363
RYDR_ITPR	PF01365
Sec7	PF01369
SIS	PF01380
HTH_3	PF01381
Synuclein	PF01387
ARID	PF01388
Collagen	PF01391
Fz	PF01392
Chromo_shadow	PF01393
Clathrin_propel	PF01394
JAB	PF01398
PCI	PF01399
Sema	PF01403
Ephrin_lbd	PF01404
tRNA-synt_2d	PF01409
COLFI	PF01410
tRNA-synt_2c	PF01411
ArfGap	PF01412
PseudoU_synth_1	PF01416
ENTH	PF01417
Reprolysin	PF01421
zf-NF-X1	PF01422
LSM	PF01423
R3H	PF01424
Amidase	PF01425
BAH	PF01426
zf-AN1	PF01428
MBD	PF01429
Peptidase_M13	PF01431
Peptidase_M1	PF01433
Peptidase_M41	PF01434
NHL	PF01436
PSI	PF01437
Apolipoprotein	PF01442
ELM2	PF01448
LMWPc	PF01451
MAGE	PF01454
Porin_3	PF01459
LRRNT	PF01462
GRIP	PF01465
Skp1	PF01466
CTP_transf_like	PF01467
PG_binding_1	PF01471
PUA	PF01472
LysM	PF01476
PLAT	PF01477
S4	PF01479
PWI	PF01480
P_proprotein	PF01483
IBR	PF01485
V_ATPase_I	PF01496
PIP5K	PF01504
Vault	PF01505
TruB_N	PF01509
Frizzled	PF01534
Acyltransferase	PF01553
DnaJ_C	PF01556
FAA_hydrolase	PF01557
Pep_M12B_propep	PF01562
PAP2	PF01569
MaoC_dehydratas	PF01575
Myosin_tail_1	PF01576
APS_kinase	PF01583
G-patch	PF01585
tRNA_bind	PF01588
GAF	PF01590
6PF2K	PF01591
Amino_oxidase	PF01593
AI-2E_transport	PF01594
Methyltransf_3	PF01596
Ribosomal_S27	PF01599
Adaptin_N	PF01602
B56	PF01603
CBM_14	PF01607
DNA_pol_A_exo1	PF01612
MutS_I	PF01624
Choline_kinase	PF01633
ACPS	PF01648
IF4E	PF01652
Ribosomal_L32e	PF01655
Macro	PF01661
Phosphodiest	PF01663
Ribosomal_S27e	PF01667
Myelin_MBP	PF01669
Flavokinase	PF01687
Cauli_VI	PF01693
Na_Ca_ex	PF01699
UDPGP	PF01704
dNK	PF01712
Smr	PF01713
FtsJ	PF01728
QRPTase_C	PF01729
Patatin	PF01734
PLA2_B	PF01735
tRNA_m1G_MT	PF01746
ATP-sulfurylase	PF01747
IBB	PF01749
Toprim	PF01751
NTR	PF01759
RRF	PF01765
Ribosomal_L18A	PF01775
Ribosomal_L22e	PF01776
Ribosomal_L27e	PF01777
Ribosomal_L28e	PF01778
Ribosomal_L29e	PF01779
Ribosomal_L37ae	PF01780
Ribosomal_L38e	PF01781
DeoC	PF01791
Ferric_reduct	PF01794
Nop	PF01798
Fer2_2	PF01799
Surp	PF01805
AICARFT_IMPCHas	PF01808
ATP-synt_D	PF01813
ANATO	PF01821
WSC	PF01822
GPS	PF01825
TIG	PF01833
XRCC1_N	PF01834
MG2	PF01835
Transglut_core	PF01841
DIL	PF01843
FF	PF01846
VHL	PF01847
NAC	PF01849
PC_rep	PF01851
START	PF01852
MOZ_SAS	PF01853
RB_B	PF01857
RB_A	PF01858
UPF0086	PF01868
BcrAD_BadFG	PF01869
eIF-5_eIF-2B	PF01873
RNase_P_p30	PF01876
EVE	PF01878
RNase_P_Rpp14	PF01900
Ribosomal_L37e	PF01907
NTP_transf_2	PF01909
eIF-6	PF01912
Alba	PF01918
Prefoldin_2	PF01920
SRP19	PF01922
Ribosomal_L14e	PF01929
NYN	PF01936
DJ-1_PfpI	PF01965
HD	PF01966
Amidohydro_1	PF01979
vATP-synt_E	PF01991
vATP-synt_AC39	PF01992
TFIIE_alpha	PF02002
TRM	PF02005
zf-CXXC	PF02008
REJ	PF02010
Reeler	PF02014
WIF	PF02019
W2	PF02020
SCAN	PF02023
RyR	PF02026
SCP2	PF02036
SAP	PF02037
CBFB_NFYA	PF02045
MARCKS	PF02063
MAS20	PF02064
Synapsin	PF02078
DAD	PF02109
Phosducin	PF02114
IP_trans	PF02121
zf-TAZ	PF02135
NTF2	PF02136
A_deamin	PF02137
Beach	PF02138
Gal_Lectin	PF02140
DENN	PF02141
MGS	PF02142
Rap_GAP	PF02145
SIR2	PF02146
zf-UBP	PF02148
KA1	PF02149
GCR	PF02155
Neuregulin	PF02158
Oest_recep	PF02159
WT1	PF02165
Cytochrom_C1	PF02167
PAZ	PF02170
Piwi	PF02171
KIX	PF02172
IRS	PF02174
zf-TRAF	PF02176
APP_N	PF02177
BAG	PF02179
BH4	PF02180
FH2	PF02181
SAD_SRA	PF02182
HAT	PF02184
HR1	PF02185
TFIIE_beta	PF02186
GAS2	PF02187
GoLoco	PF02188
LON_substr_bdg	PF02190
OLF	PF02191
PI3K_p85B	PF02192
RBD	PF02196
RIIa	PF02197
SAM_PNT	PF02198
SWIB	PF02201
VPS9	PF02204
WH2	PF02205
zf-UBR	PF02207
Sorb	PF02208
VHP	PF02209
Laminin_G_2	PF02210
GED	PF02212
GYF	PF02213
BTB_2	PF02214
HS1_rep	PF02218
Thymidylate_kin	PF02223
PC4	PF02229
PNTB	PF02233
CDI	PF02234
COX7a	PF02238
Pur_DNA_glyco	PF02245
PA28_alpha	PF02251
PA28_beta	PF02252
FAT	PF02259
FATC	PF02260
GBP	PF02263
TFIID-18kDa	PF02269
TFIIF_beta	PF02270
UCR_14kD	PF02271
DHHA1	PF02272
Amidinotransf	PF02274
CBAH	PF02275
COX5A	PF02284
SRP14	PF02290
z-alpha	PF02295
Alpha_adaptin_C	PF02296
COX6B	PF02297
HORMA	PF02301
CBF_beta	PF02312
FYVE_2	PF02318
UCR_hinge	PF02320
MAM33	PF02330
OTU	PF02338
Myc-LZ	PF02344
Latrophilin	PF02354
CDC48_N	PF02359
Big_2	PF02368
JmjC	PF02373
JmjN	PF02375
CUT	PF02376
Dishevelled	PF02377
Syja_N	PF02383
Methyltransf_4	PF02390
Seryl_tRNA_N	PF02403
OCD_Mu_crystall	PF02423
PYC_OADA	PF02436
Reticulon	PF02453
Tim17	PF02466
MORN	PF02493
Spin-Ssty	PF02513
Zip	PF02535
mTERF	PF02536
Methyltrn_RNA_3	PF02598
CoA_binding	PF02629
SCO1-SenC	PF02630
GatB_Yqey	PF02637
PAH	PF02671
OTCace_N	PF02729
SKIP_SNW	PF02731
ERCC4	PF02732
Ku	PF02735
Myosin_N	PF02736
3HCDH_N	PF02737
Ald_Xan_dh_C2	PF02738
PCNA_C	PF02747
QRPTase_N	PF02749
Synapsin_C	PF02750
Arrestin_C	PF02752
RPEL	PF02755
PYRIN	PF02758
RUN	PF02759
HIN	PF02760
AIRS_C	PF02769
Acyl-CoA_dh_M	PF02770
Acyl-CoA_dh_N	PF02771
S-AdoMet_synt_M	PF02772
S-AdoMet_synt_C	PF02773
Transket_pyr	PF02779
Transketolase_C	PF02780
G6PD_C	PF02781
FGGY_C	PF02782
Orn_Arg_deC_N	PF02784
Biotin_carb_C	PF02785
CPSase_L_D2	PF02786
CPSase_L_D3	PF02787
Peptidase_M17_N	PF02789
COX2_TM	PF02790
DDT	PF02791
Mago_nashi	PF02792
HRM	PF02793
GST_N	PF02798
Gp_dh_C	PF02800
Ketoacyl-synt_C	PF02801
Thiolase_C	PF02803
ATP-gua_PtransN	PF02807
ELFV_dehydrog_N	PF02812
MIR	PF02815
Alpha_kinase	PF02816
E3_binding	PF02817
PPAK	PF02818
Antistasin	PF02822
ATP-synt_DE_N	PF02823
TGS	PF02824
WWE	PF02825
2-Hacid_dh_C	PF02826
L27	PF02828
Prp18	PF02840
GBP_C	PF02841
CUE	PF02845
MA3	PF02847
Pyr_redox_dim	PF02852
MIF4G	PF02854
STAT_bind	PF02864
STAT_int	PF02865
Ldh_1_C	PF02866
Ribonuc_red_lgC	PF02867
5_nucleotid_C	PF02872
ATP-synt_ab_N	PF02874
PARP_reg	PF02877
PGM_PMM_I	PF02878
PGM_PMM_II	PF02879
PGM_PMM_III	PF02880
SRP54_N	PF02881
THF_DHG_CYH_C	PF02882
Alpha_adaptinC2	PF02883
PK_C	PF02887
Sec63	PF02889
zf-MIZ	PF02891
GRAM	PF02893
Peptidase_C48	PF02902
Formyl_trans_C	PF02911
Topoisom_I_N	PF02919
UCR_TM	PF02921
zf-C5HC2	PF02928
Neur_chan_LBD	PF02931
Neur_chan_memb	PF02932
CDC48_2	PF02933
GatB_N	PF02934
COX4	PF02936
COX6C	PF02937
GAD	PF02938
GTF2I	PF02946
zf-Tim10_DDP	PF02953
BAF	PF02961
FTCD	PF02971
SRP_SPB	PF02978
Cyclin_C	PF02984
HEAT	PF02985
Atg8	PF02991
Transposase_22	PF02994
Prefoldin	PF02996
Somatostatin	PF03002
LEM	PF03020
Folate_rec	PF03024
Dynein_heavy	PF03028
NIF	PF03031
4HBT	PF03061
Nucleoplasmin	PF03066
PAD	PF03068
Exo70	PF03081
PTPA	PF03095
Ndr	PF03096
BRO1	PF03097
An_peroxidase	PF03098
BAR	PF03114
GAT	PF03127
HGTP_anticodon	PF03129
bZIP_Maf	PF03131
TTL	PF03133
TB2_DP1_HVA22	PF03134
GTP_EFTU_D3	PF03143
GTP_EFTU_D2	PF03144
Tektin	PF03148
XRN_N	PF03159
Calx-beta	PF03160
MH1	PF03165
MH2	PF03166
HSR	PF03172
Nucleoporin_C	PF03177
CPSF_A	PF03178
V-ATPase_G	PF03179
DDE_1	PF03184
Cytochrom_B561	PF03188
LUC7	PF03194
Glyco_hydro_63	PF03200
HTH_Tnp_Tc5	PF03221
V-ATPase_C	PF03223
V-ATPase_H_N	PF03224
Yippee-Mis18	PF03226
CDC37_N	PF03234
Prothymosin	PF03247
Tropomodulin	PF03250
ANAPC10	PF03256
Robl_LC7	PF03259
EB1	PF03271
Mab-21	PF03281
Paralemmin	PF03285
Pox_MCEL	PF03291
Ribosomal_S25	PF03297
Daxx	PF03344
DDOST_48kD	PF03345
Snf7	PF03357
GKAP	PF03359
Glyco_transf_43	PF03360
Polyketide_cyc	PF03364
YEATS	PF03366
Dicer_dimer	PF03368
CBM_21	PF03370
Exo_endo_phos	PF03372
CAS_CSE1	PF03378
Ist1	PF03398
SAC3_GANP	PF03399
Sacchrp_dh_NADP	PF03435
FAD_binding_7	PF03441
NAD_binding_2	PF03446
CO_deh_flav_C	PF03450
MoeA_N	PF03453
MoeA_C	PF03454
uDENN	PF03456
eRF1_1	PF03463
eRF1_2	PF03464
eRF1_3	PF03465
Smg4_UPF3	PF03467
MOSC	PF03473
MOSC_N	PF03476
ATP-cone	PF03477
B3_4	PF03483
B5	PF03484
Arg_tRNA_synt_N	PF03485
5HT_transport_N	PF03491
Beta-APP	PF03494
S10_plectin	PF03501
Fanconi_A	PF03511
Voldacs	PF03517
KCNQ_channel	PF03520
SLC12	PF03522
SSrecog	PF03531
Paxillin	PF03535
Tuberin	PF03542
Treacle	PF03546
Peptidase_C50	PF03568
Peptidase_C69	PF03577
EMG1	PF03587
DCX	PF03607
Focal_AT	PF03623
Fumble	PF03630
Vps35	PF03635
Mob1_phocein	PF03637
Pam16	PF03656
UPF0113	PF03657
PHF5	PF03660
Sorting_nexin	PF03700
Noc2	PF03715
Ribosomal_S5_C	PF03719
RNase_PH_C	PF03725
PNPase	PF03726
Hexokinase_2	PF03727
Ku_C	PF03730
Ku_N	PF03731
EPTP	PF03736
EFG_IV	PF03764
IPK	PF03770
Nuf2	PF03800
Ndc80_HEC	PF03801
F420_oxidored	PF03807
IBN_N	PF03810
Nrap	PF03813
SFXNs	PF03820
OAR	PF03826
PAP_assoc	PF03828
WSK	PF03832
RasGAP_C	PF03836
Tfb2	PF03849
YjeF_N	PF03853
Ribosomal_L6e_N	PF03868
RNA_pol_Rpb8	PF03870
RNA_pol_Rpb5_N	PF03871
Cgr1	PF03879
Fructosamin_kin	PF03881
BSD	PF03909
Sec61_beta	PF03911
CBF	PF03914
AIP3	PF03915
TLE_N	PF03920
ICAM_N	PF03921
Skp1_POZ	PF03931
CutC	PF03932
Ribosomal_L23eN	PF03939
INCENP_ARK-bind	PF03941
TAP_C	PF03943
Ribosomal_L11_N	PF03946
Ribosomal_L2_C	PF03947
Malic_M	PF03949
tRNA-synt_1c_C	PF03950
Gln-synt_N	PF03951
Enolase_N	PF03952
Tubulin_C	PF03953
Jun	PF03957
Trm112p	PF03966
Ubiq_cyt_C_chap	PF03981
Paf1	PF03985
Autophagy_act_C	PF03987
Utp11	PF03998
MAP65_ASE1	PF03999
Sas10_Utp3	PF04000
Utp12	PF04003
Mpp10	PF04006
Las1	PF04031
Rpr2	PF04032
DUF382	PF04037
P34-Arc	PF04045
PSP	PF04046
Sec8_exocyst	PF04048
Upf2	PF04050
TRAPP	PF04051
Coatomer_WDAD	PF04053
Not1	PF04054
Ssl1	PF04056
Rep-A_N	PF04057
P21-Arc	PF04062
Not3	PF04065
Rcd1	PF04078
ORC2	PF04084
SRP-alpha_N	PF04086
Peroxin-13_N	PF04088
Sec15	PF04091
Nucleoporin2	PF04096
Nic96	PF04097
Vps53_N	PF04100
Glyco_tran_28_C	PF04101
Nup84_Nup100	PF04121
GCP_C_terminal	PF04130
Nop10p	PF04135
Sec34	PF04136
YTH	PF04146
Nop14	PF04147
Mre11_DNA_bind	PF04152
NOT2_3_5	PF04153
Sof1	PF04158
LTV	PF04180
ST7	PF04184
Gcd10p	PF04189
Utp21	PF04192
TPD52	PF04201
MIT	PF04212
CENP-B_N	PF04218
DUF423	PF04241
P-mevalo_kinase	PF04275
Tim44	PF04280
FBA	PF04300
SAB	PF04382
PTPLA	PF04387
Hamartin	PF04388
HA2	PF04408
Gar1	PF04410
4F5	PF04419
Rad50_zn_hook	PF04423
Brix	PF04427
SWIRM	PF04433
RINT1_TIP1	PF04437
zf-HIT	PF04438
Dysbindin	PF04440
SAPS	PF04499
CD225	PF04505
AIG1	PF04548
Tis11B_N	PF04553
tRNA_synt_1c_R2	PF04557
tRNA_synt_1c_R1	PF04558
RNA_pol_Rpb2_7	PF04560
RNA_pol_Rpb2_2	PF04561
RNA_pol_Rpb2_1	PF04563
U-box	PF04564
RNA_pol_Rpb2_3	PF04565
RNA_pol_Rpb2_4	PF04566
RNA_pol_Rpb2_5	PF04567
IATP	PF04568
ADP_PFK_GK	PF04587
HIG_1_N	PF04588
Ribophorin_I	PF04597
Gasdermin	PF04598
Utp14	PF04615
ERG2_Sigma1R	PF04622
ATP-synt_Eps	PF04627
ICA69	PF04629
Rtf2	PF04641
Vta1	PF04652
DNA_ligase_A_N	PF04675
MCU	PF04678
DNA_ligase_A_C	PF04679
Proteasom_Rpn13	PF04683
ETC_C1_NDUFA5	PF04716
ATP-synt_G	PF04718
ELMO_CED12	PF04727
ASF1_hist_chap	PF04729
Filament_head	PF04732
Pex2_Pex12	PF04757
Ribosomal_S30	PF04758
HABP4_PAI-RBP1	PF04774
Sarcoglycan_1	PF04790
PAPA-1	PF04795
Fzo_mitofusin	PF04799
Cor1	PF04803
zf-Sec23_Sec24	PF04810
Sec23_trunk	PF04811
HNF-1_N	PF04814
Sec23_helical	PF04815
CID	PF04818
Rad21_Rec8	PF04824
Rad21_Rec8_N	PF04825
Vps16_C	PF04840
Vps16_N	PF04841
PurA	PF04845
HAP1_N	PF04849
Securin	PF04856
CAF1	PF04857
PDE6_gamma	PF04868
Uso1_p115_head	PF04869
Uso1_p115_C	PF04871
Mak16	PF04874
NUDE_C	PF04880
Fcf1	PF04900
NCD1	PF04904
NCD2	PF04905
Dynamitin	PF04912
XAP5	PF04921
Ninjurin	PF04923
DNA_pol_phi	PF04931
Med6	PF04934
SURF6	PF04935
SIP1	PF04938
RRS1	PF04939
RIBIOP_C	PF04950
ARS2	PF04959
Glutaminase	PF04960
FTCD_C	PF04961
CHORD	PF04968
CS	PF04969
LRAT	PF04970
IPP-2	PF04979
NMD3	PF04981
RNA_pol_Rpb1_3	PF04983
AKAP95	PF04988
RNA_pol_Rpb1_7	PF04990
RNA_pol_Rpb1_6	PF04992
RNA_pol_Rpb1_1	PF04997
RNA_pol_Rpb1_5	PF04998
RNA_pol_Rpb1_4	PF05000
RNA_pol_Rpb1_R	PF05001
SGS	PF05002
TACC_C	PF05010
SRP40_C	PF05022
DCP2	PF05026
PARG_cat	PF05028
SSXT	PF05030
Pre-SET	PF05033
Cytochrom_B558a	PF05038
L51_S25_CI-B8	PF05047
MT-A70	PF05063
NDUFA12	PF05071
eIF-3_zeta	PF05091
Rib_recp_KP_reg	PF05104
AF-4	PF05110
Helicase_RecD	PF05127
Pep3_Vps18	PF05131
LANC_like	PF05147
Methyltransf_8	PF05148
TM2	PF05154
MOFRL	PF05161
HEPN	PF05168
MTS	PF05175
Kri1	PF05178
CDC73_C	PF05179
Fip1	PF05182
PRMT5	PF05185
Dpy-30	PF05186
MutS_II	PF05188
RTC_insert	PF05189
MutS_IV	PF05190
ADK_lid	PF05191
MutS_III	PF05192
Peptidase_M16_C	PF05193
AMP_N	PF05195
AdoHcyase	PF05221
AlaDh_PNT_N	PF05222
APOBEC_C	PF05240
SH3BP5	PF05276
SDA1	PF05285
Bystin	PF05291
TAS2R	PF05296
DUF737	PF05300
Acetyltransf_16	PF05301
Mito_fiss_reg	PF05308
SVA	PF05326
RRN3	PF05327
Complex1_LYR	PF05347
GMP_PDE_delta	PF05351
PP1_inhibitor	PF05361
Lon_C	PF05362
La	PF05383
Lsm_interact	PF05391
DARPP-32	PF05395
Mt_ATP-synt_B	PF05405
WGR	PF05406
JTB	PF05439
eIF_4EBP	PF05456
ApoL	PF05461
BASP1	PF05466
eIF-3c_N	PF05470
THAP	PF05485
SRP9-21	PF05486
ATP_synt_H	PF05493
Dynactin_p62	PF05502
p25-alpha	PF05517
Neurochondrin	PF05536
MAD	PF05557
DUF773	PF05600
CLPTM1	PF05602
zf-Di19	PF05605
HOOK	PF05622
Agenet	PF05641
Miff	PF05644
PEX11	PF05648
Peptidase_M13_N	PF05649
DUF812	PF05667
MAP7	PF05672
NDUF_B7	PF05676
ATP-synt_E	PF05680
BCAS2	PF05700
CDKN3	PF05706
MRG	PF05712
zf-piccolo	PF05715
PhyH	PF05721
TROVE	PF05731
SNARE	PF05739
UEV	PF05743
DALR_1	PF05746
5_nucleotid	PF05761
RWD	PF05773
DLIC	PF05783
TFIIF_alpha	PF05793
Tcp11	PF05794
DUF842	PF05811
Ribophorin_II	PF05817
NDUF_B8	PF05821
Phospholip_A2_2	PF05826
GAGE	PF05831
DUF846	PF05832
Suf	PF05843
ARPC4	PF05856
Mt_ATP-synt_D	PF05873
CNPase	PF05881
Ebp2	PF05890
Methyltransf_PK	PF05891
4_1_CTD	PF05902
DUF872	PF05915
API5	PF05918
Homeobox_KN	PF05920
APC_r	PF05923
SAMP	PF05924
EB1_binding	PF05937
APC_basic	PF05956
FYRN	PF05964
FYRC	PF05965
APC_15aa	PF05972
FragX_IP	PF05994
Nop52	PF05997
DUF902	PF06001
SMN	PF06003
Myosin_TH1	PF06017
SERTA	PF06031
Sec6	PF06046
Nkap_C	PF06047
DCP1	PF06058
TIP49	PF06068
YchF-GTPase_C	PF06071
Ins_P5_2-kin	PF06090
Radial_spoke_3	PF06098
RRP36	PF06102
DUF953	PF06110
5-nucleotidase	PF06189
PITH	PF06201
GDE_C	PF06202
zf-U1	PF06220
FRG1	PF06229
Ccdc124	PF06244
Fascin	PF06268
CNDH2_N	PF06278
DUF1041	PF06292
NumbF	PF06311
PrmA	PF06325
DUF1053	PF06327
DUSP	PF06337
HSL_N	PF06350
Drf_FH3	PF06367
Drf_GBD	PF06371
Gemin6	PF06372
AP3D1	PF06375
DUF1077	PF06417
CTP_synth_N	PF06418
PRP1_N	PF06424
Arfaptin	PF06456
RR_TM4-6	PF06459
DUF1086	PF06461
DMAP_binding	PF06464
DUF1087	PF06465
zf-FCS	PF06467
SMC_hinge	PF06470
ABC_membrane_2	PF06472
Ribonuc_2-5A	PF06479
FtsH_ext	PF06480
SAP18	PF06487
B12D	PF06522
NOA36	PF06524
GMAP	PF06540
DUF1115	PF06544
Vert_HS_TF	PF06546
DUF1126	PF06565
Neogenin_C	PF06583
Myotub-related	PF06602
Neuromodulin	PF06614
M-inducer_phosp	PF06617
SIM_C	PF06621
DUF1151	PF06625
Catalase-rel	PF06628
DUF1154	PF06631
Cep57_MT_bd	PF06657
DUF1170	PF06663
MIB_HERC2	PF06701
SPC25	PF06703
Pescadillo_N	PF06732
DEAD_2	PF06733
LsmAD	PF06741
FAST_1	PF06743
Olduvai	PF06758
HBB	PF06777
NOD	PF06816
Fez1	PF06818
Ser_hydrolase	PF06821
NOG1	PF06858
UTP25	PF06862
RNA_pol_I_A49	PF06870
Elongin_A	PF06881
RNA_pol_Rpa2_4	PF06883
Senescence	PF06911
DHR-2	PF06920
COPI_C	PF06957
RecQ5	PF06959
POP1	PF06978
MRP-L47	PF06984
MFAP1	PF06991
BAT2_N	PF07001
Copine	PF07002
FYTT	PF07078
TBPIP	PF07106
HCR	PF07111
TMEM126	PF07114
DUF1387	PF07139
DUF1388	PF07142
PAM2	PF07145
DUF1394	PF07159
Neuralized	PF07177
Tcp10_C	PF07202
SpoIIE	PF07228
DUF1445	PF07286
BBL5	PF07289
Occludin_ELL	PF07303
RCS1	PF07326
CI-B14_5a	PF07347
P19Arf_N	PF07392
Sec10	PF07393
Geminin	PF07412
Dynactin_p22	PF07426
PPI_Ypi1	PF07491
zf-CW	PF07496
TFIIS_M	PF07500
RMMBL	PF07521
SOCS_box	PF07525
DZF	PF07528
HSA	PF07529
BRK	PF07533
TLD	PF07534
DRIM	PF07539
NOC3p	PF07540
EIF_2_alpha	PF07541
EMI	PF07546
Shugoshin_C	PF07557
Shugoshin_N	PF07558
NCD3G	PF07562
Band_3_cyto	PF07565
Hira	PF07569
SMC_Nse1	PF07574
Nucleopor_Nup85	PF07575
UnbV_ASPIC	PF07593
EGF_CA	PF07645
SAM_2	PF07647
KH_2	PF07650
ANTH	PF07651
SH3_2	PF07653
C1-set	PF07654
A2M_recep	PF07677
TED_complement	PF07678
NODP	PF07684
V-set	PF07686
Ephrin_rec_like	PF07699
A2M_BRD	PF07703
BACK	PF07707
P53_tetramer	PF07710
bZIP_2	PF07716
OB_NTP_bind	PF07717
Coatamer_beta_C	PF07718
Cu-oxidase_2	PF07731
Cu-oxidase_3	PF07732
Sad1_UNC	PF07738
BRF1	PF07741
BTG	PF07742
SPOC	PF07744
FEZ	PF07763
LETM1	PF07766
Nop53	PF07767
EMC1_C	PF07774
Spb1_C	PF07780
RED_C	PF07807
RED_N	PF07808
RTP801_C	PF07809
Abi_HHR	PF07815
GLE1	PF07817
PP2C_C	PF07830
RanGAP1_C	PF07834
FTCD_N	PF07837
GCFC	PF07842
Abhydrolase_3	PF07859
CALCOCO1	PF07888
Rrp15p	PF07890
FAM83	PF07894
TPR_MLP1_2	PF07926
OGG_N	PF07934
Fucokinase	PF07959
Integrin_B_tail	PF07965
zf-C3HC	PF07967
tRNA_SAD	PF07973
EGF_2	PF07974
C1_4	PF07975
NIPSNAP	PF07978
TBCC	PF07986
LMSTEN	PF07988
Cnn_1N	PF07989
GSDH	PF07995
PHR	PF08005
Cupin_4	PF08007
PKD_channel	PF08016
FAD_binding_8	PF08022
NAD_binding_6	PF08030
SpoU_sub_bind	PF08032
Sec23_BS	PF08033
Xin	PF08043
SEP	PF08059
P68HR	PF08061
P120R	PF08062
PADR1	PF08063
UME	PF08064
KI67R	PF08065
PMC2NT	PF08066
ROKNT	PF08067
DKCLD	PF08068
Ribosomal_S13_N	PF08069
DTHCT	PF08070
RS4NT	PF08071
BDHCT	PF08072
CHDNT	PF08073
CHDCT2	PF08074
NOPS	PF08075
Ribosomal_L30_N	PF08079
zf-RNPHF	PF08080
RBM1CTR	PF08081
PRO8NT	PF08082
PROCN	PF08083
PROCT	PF08084
AARP2CN	PF08142
CBFNT	PF08143
CPL	PF08144
BOP1NT	PF08145
BP28CT	PF08146
DBP10CT	PF08147
DSHCT	PF08148
BING4CT	PF08149
GUCT	PF08152
NGP1NT	PF08153
NLE	PF08154
NOGCT	PF08155
NOP5NT	PF08156
NUC129	PF08157
NUC130_3NT	PF08158
NUC153	PF08159
NUC173	PF08161
NUC194	PF08163
TRAUB	PF08164
NUC202	PF08166
RIX1	PF08167
NUC205	PF08168
POPLD	PF08170
Anillin	PF08174
C2-set_2	PF08205
RNA_polI_A34	PF08208
APOBEC_N	PF08210
HAT_KAT11	PF08214
CTNNBL	PF08216
Striatin	PF08232
SH3_3	PF08239
ADH_N	PF08240
Methyltransf_12	PF08242
SPT2	PF08243
Anticodon_1	PF08264
Cadherin_2	PF08266
TF_Zn_Ribbon	PF08271
Hydrolase_3	PF08282
RVP_2	PF08284
PIGA	PF08288
Sin3_corepress	PF08295
cwf21	PF08312
PPP5	PF08321
AHSA1	PF08327
CaMKII_AD	PF08332
Plexin_cytopl	PF08337
SEFIR	PF08357
FAST_2	PF08368
RAP	PF08373
DHC_N1	PF08385
Xpo1	PF08389
DHC_N2	PF08393
Rad51	PF08423
PLU-1	PF08429
ATP-grasp_2	PF08442
PAS_3	PF08447
VGCC_alpha2	PF08473
Roc	PF08477
SRP72	PF08492
Cse1	PF08506
Rtt106	PF08512
LisH	PF08513
STAG	PF08514
TGF_beta_GS	PF08515
ADAM_CR	PF08516
RFC1	PF08519
rRNA_processing	PF08524
PAD_N	PF08526
PAD_M	PF08527
Redoxin	PF08534
HbrB	PF08539
Rep_fac_C	PF08542
Phos_pyr_kin	PF08543
GHMP_kinases_C	PF08544
TRF	PF08558
P53_TAD	PF08563
CDC37_C	PF08564
CDC37_M	PF08565
PH_TFIIH	PF08567
PRP3	PF08572
SAE2	PF08573
Cmc1	PF08583
Ribonuc_P_40	PF08584
RMI1_N	PF08585
DUF1771	PF08590
Lgl_C	PF08596
eIF3_subunit	PF08597
Nbs1_C	PF08599
Rsm1	PF08600
CAP_C	PF08603
Nup153	PF08604
Prp19	PF08606
TIP120	PF08623
Utp13	PF08625
TRAPPC9-Trs120	PF08626
U3_assoc_6	PF08640
SPT16	PF08644
PNK3P	PF08645
Rep_fac-A_C	PF08646
eIF2A	PF08662
RNA_bind	PF08675
MutL_C	PF08676
CAMSAP_CKK	PF08683
PLAC	PF08686
Fcf2	PF08698
ArgoL1	PF08699
Vps51	PF08700
GN3L_Grn1	PF08701
Fib_alpha	PF08702
PLC-beta_C	PF08703
Ins145_P3_rec	PF08709
Med26	PF08711
Integrin_b_cyt	PF08725
EFhand_Ca_insen	PF08726
FA	PF08736
BCS1_N	PF08740
zf-RING-like	PF08746
COP-gamma_platf	PF08752
Cadherin_pro	PF08758
DEK_C	PF08766
CRM1_C	PF08767
FRB_dom	PF08771
NOB1_Zn_bind	PF08772
CathepsinC_exc	PF08773
VASP_tetra	PF08776
RRM_3	PF08777
HIF-1a_CTAD	PF08778
DWNN	PF08783
RPA_C	PF08784
Ku_PK_bind	PF08785
zf-LYAR	PF08790
HIRAN	PF08797
PRP4	PF08799
Nucleoporin_N	PF08801
Serine_rich	PF08824
DMPK_coil	PF08826
Axin_b-cat_bind	PF08833
QLQ	PF08880
NUP50	PF08911
Rho_Binding	PF08912
Myb_DNA-bind_2	PF08914
Phe_ZIP	PF08916
ecTbetaR2	PF08917
F_actin_bind	PF08919
SF3b1	PF08920
DUF1908	PF08926
Rb_C	PF08934
BPS	PF08947
DUF1866	PF08952
DUF1899	PF08953
Trimer_CC	PF08954
EF-hand_11	PF08976
DUF1897	PF09005
EBP50_C	PF09007
HMG_box_2	PF09011
CENP-B_dimeris	PF09026
GTPase_binding	PF09027
Creb_binding	PF09030
Siah-Interact_N	PF09032
Bcr-Abl_Oligo	PF09036
53-BP1_Tudor	PF09038
H-K_ATPase_N	PF09040
Titin_Z	PF09042
MEF2_binding	PF09047
L27_1	PF09058
L27_N	PF09060
B2-adapt-app_C	PF09066
EF-hand_2	PF09068
EF-hand_3	PF09069
TMA7	PF09072
BUD22	PF09073
Cdc6_C	PF09079
MIF4G_like	PF09088
MIF4G_like_2	PF09090
BRCA-2_OB1	PF09103
BRCA-2_OB3	PF09104
HAND	PF09110
SLIDE	PF09111
Tower	PF09121
Leuk-A4-hydro_C	PF09127
Tap-RNA_bind	PF09162
Ubiq-Cytc-red_N	PF09165
BRCA-2_helical	PF09169
eIF2_C	PF09173
ProRS-C_1	PF09180
PPP4R2	PF09184
Aha1_N	PF09229
TBP-binding	PF09247
PEX-1N	PF09262
PEX-2N	PF09263
Clathrin-link	PF09268
EF-hand_like	PF09279
XPC-binding	PF09280
Mago-bind	PF09282
Pro-kuma_activ	PF09286
Neil1-DNA_bind	PF09292
FCP1_C	PF09309
PD-C2-AF1	PF09310
Cmyb_C	PF09316
DUF1977	PF09320
DUF1981	PF09324
Vps5	PF09325
NADH_dhqG_C	PF09326
tRNA-synt_1g	PF09334
Vps4_C	PF09336
NuA4	PF09340
E1_UFD	PF09358
zf-CDGSH	PF09360
Sas10	PF09368
SBDS_C	PF09377
FERM_N	PF09379
FERM_C	PF09380
RQC	PF09382
UTP15_C	PF09384
MRP	PF09387
FOP_dimer	PF09398
MSC	PF09402
Btz	PF09405
PUB	PF09409
UPF1_Zn_bind	PF09416
Nop16	PF09420
WTX	PF09422
Wbp11	PF09429
DUF2013	PF09431
SRPRB	PF09439
eIF3_N	PF09440
CFC	PF09443
Methyltransf_15	PF09445
Vps23_core	PF09454
RBD-FIP	PF09457
LBR_tudor	PF09465
Telethonin	PF09470
DUF2462	PF09495
FDF	PF09532
MamL-1	PF09596
CortBP2	PF09727
Taxilin	PF09728
BicD	PF09730
Mitofilin	PF09731
Nckap1	PF09735
Bud13	PF09736
DUF2043	PF09740
E3_UFM1_ligase	PF09743
Jnk-SapK_ap_N	PF09744
DUF2040	PF09745
Med10	PF09748
DDRGK	PF09756
Atx10homo_assoc	PF09759
CCDC93_CC	PF09762
Sec3_C	PF09763
ApoO	PF09769
PAT1	PF09770
Ima1_N	PF09779
NDUF_B6	PF09782
Prp31_C	PF09785
AD	PF09793
Nop25	PF09805
SNAPc_SNAP43	PF09808
MRP-L28	PF09812
EAF	PF09816
RLL	PF10036
MRP-S27	PF10037
BLOC1_2	PF10046
CSN8_PSD8_EIF3K	PF10075
CNOT11	PF10155
MMtag	PF10159
G8	PF10162
EnY2	PF10163
Ric8	PF10165
DUF2368	PF10166
Nup88	PF10168
Laps	PF10169
Cast	PF10174
MPP6	PF10175
DUF2369	PF10179
WKF	PF10180
FAM192A_Fyv6_N	PF10187
Ada3	PF10198
KLRAQ	PF10205
TTKRSYEDQ	PF10212
CCDC85	PF10226
DUF2465	PF10239
NDUFB10	PF10249
PP28	PF10252
Pacs-1	PF10254
Paf67	PF10255
Erf4	PF10256
RNA_GG_bind	PF10258
Rogdi_lz	PF10259
Strumpellin	PF10266
zf-CHCC	PF10276
zf-CCHH	PF10283
muHD	PF10291
Methyltransf_16	PF10294
NCBP3	PF10309
Kin17_mid	PF10357
Vps39_1	PF10366
Vps39_2	PF10367
EST1_DNA_bind	PF10373
EST1	PF10374
ELL	PF10390
Ufd2P_core	PF10408
PTEN_C2	PF10409
FumaraseC_C	PF10415
1-cysPrx_C	PF10417
OAS1_C	PF10421
Ago_hook	PF10427
Ig_Tie2_1	PF10430
MMS1_N	PF10433
BCDHK_Adom3	PF10436
Urb2	PF10441
Nbl1_Borealin_N	PF10444
EXOSC1	PF10447
NUFIP1	PF10453
BAR_3_WASP_bdg	PF10456
AKAP7_NLS	PF10469
AKAP7_RIRII_bdg	PF10470
CENP-F_leu_zip	PF10473
DUF2448	PF10476
EIF4E-T	PF10477
CENP-F_N	PF10481
CtIP_N	PF10482
PI3K_1B_p101	PF10486
CENP-F_C_Rb_bdg	PF10490
Stk19	PF10494
PACT_coil_coil	PF10495
zf-4CXXC_R1	PF10497
SR-25	PF10500
NARG2_C	PF10505
GalKase_gal_bdg	PF10509
Cementoin	PF10511
Borealin	PF10512
APP_amyloid	PF10515
TMEM189_B_dmain	PF10520
RII_binding_1	PF10522
BEN	PF10523
CRIC_ras_sig	PF10534
WAC_Acf1_DNA_bd	PF10537
KASH	PF10541
Cullin_Nedd8	PF10557
CaM_bdg_C0	PF10562
NMDAR2_C	PF10565
Tom37	PF10568
UPF0560	PF10577
Neuromodulin_N	PF10580
Synapsin_N	PF10581
Proteasome_A_N	PF10584
UBA_e1_thiolCys	PF10585
EF-1_beta_acid	PF10587
NADH-G_4Fe-4S_3	PF10588
UPF0564	PF10595
U6-snRNA_bdg	PF10596
U5_2-snRNA_bdg	PF10597
RRM_4	PF10598
Nup_retrotrp_bd	PF10599
PDZ_assoc	PF10600
RPN7	PF10602
GluR_Homer-bdg	PF10606
CLTH	PF10607
MAGUK_N_PEST	PF10608
Lig_chan-Glu_bd	PF10613
Ofd1_CTDD	PF10637
zf-C3H1	PF10650
MitoNEET_N	PF10660
Med1	PF10744
Beta-Casp	PF10996
DAZAP2	PF11029
SnAPC_2_like	PF11035
Gemin7	PF11095
Tma16	PF11176
Med21	PF11221
SOGA	PF11365
HIF-1	PF11413
Suppressor_APC	PF11414
RILP	PF11461
Cul7	PF11515
TFIIE-A_C	PF11521
CARM1	PF11531
HnRNP_M	PF11532
Dynein_IC2	PF11540
Receptor_IA-2	PF11548
Inhibitor_Mig-6	PF11555
Homez	PF11569
NEMO	PF11577
Prion_bPrPp	PF11587
CAF-1_p150	PF11600
Limkain-b1	PF11608
C2-C2_1	PF11618
Rap1_C	PF11626
HnRNPA1	PF11627
Mst1_SARAH	PF11629
TAN	PF11640
RIG-I_C-RD	PF11648
V-ATPase_H_C	PF11698
Npa1	PF11707
Nup160	PF11715
Tudor-knot	PF11717
CPSF73-100_C	PF11718
N-SET	PF11764
zf-Nse	PF11789
DUF3337	PF11816
Myb_Cef	PF11831
RRM_8	PF11835
ERAP1_C	PF11838
DUF3361	PF11841
DUF3377	PF11857
DUF3381	PF11861
DUF3384	PF11864
DUF3385	PF11865
DUF3395	PF11875
DUF3398	PF11878
Nup192	PF11894
Vac14_Fig4_bd	PF11916
DUF3449	PF11931
DUF3452	PF11934
DUF3453	PF11935
XTBD	PF11952
KCNQC3-Ank-G_bd	PF11956
DcpS_C	PF11969
CAMSAP_CH	PF11971
Rad60-SLD	PF11976
RNase_Zc3h12a	PF11977
MVP_shoulder	PF11978
IF-2	PF11987
DUF3496	PF12001
DUF3498	PF12004
Telomerase_RBD	PF12009
DUF3504	PF12012
DUF3512	PF12024
DUF3517	PF12030
DUF3523	PF12037
DNMT1-RFD	PF12047
VGCC_beta4Aa_N	PF12052
DUF3543	PF12063
DUF3544	PF12064
SERRATE_Ars2_N	PF12066
PH_RBD	PF12068
SCAI	PF12070
KN_motif	PF12075
SF3a60_bindingd	PF12108
Nup96	PF12110
Period_C	PF12114
Beta-TrCP_D	PF12125
DUF3583	PF12126
PRP8_domainIV	PF12134
TTD	PF12148
CAP18_C	PF12153
DUF3591	PF12157
STAT1_TAZ2bind	PF12162
zf-C2H2_jaz	PF12171
INCENP_N	PF12178
IKKbetaNEMObind	PF12179
EABR	PF12180
IR1-M	PF12185
hNIFK_binding	PF12196
OSR1_C	PF12202
HDAC4_Gln	PF12203
GIT1_C	PF12205
Hrs_helical	PF12210
U1snRNP70_N	PF12220
PRP21_like_P	PF12230
Rif1_N	PF12231
Rav1p_C	PF12234
FXMRP1_C_core	PF12235
zf-SNAP50_C	PF12251
CAF1A	PF12253
Microcephalin	PF12258
CAF1C_H4-bd	PF12265
zf-CpG_bind_C	PF12269
Caprin-1_C	PF12287
Symplekin_C	PF12295
Noelin-1	PF12308
Elf-1_N	PF12310
Dsh_C	PF12316
Rpp20	PF12328
Ipi1_N	PF12333
SBF2	PF12335
SOXp	PF12336
HJURP_C	PF12347
CLASP_N	PF12348
eIF3g	PF12353
TMEM131_like	PF12371
DUF3652	PF12372
U3snoRNP10	PF12397
nlz1	PF12402
DLL_N	PF12413
Fox-1_C	PF12414
Condensin2nSMC	PF12422
KIF1B	PF12423
ATP_Ca_trans_C	PF12424
MAGE_N	PF12440
Sox_N	PF12444
VPS11_C	PF12451
PTP_N	PF12453
Dynactin	PF12455
hSac2	PF12456
TIP_N	PF12457
Pr_beta_C	PF12465
DUF3694	PF12473
PKK	PF12474
DUF3697	PF12478
DUF3699	PF12480
ARA70	PF12489
SUV3_C	PF12513
Pannexin_like	PF12534
DUF3736	PF12540
ATXN-1_C	PF12547
CD45	PF12567
3-PAP	PF12578
TPPII	PF12580
WBS_methylT	PF12589
CK1gamma_C	PF12605
TFCD_C	PF12612
MCM2_N	PF12619
MazG-like	PF12643
hEGF	PF12661
cEGF	PF12662
zf-rbx1	PF12678
Abhydrolase_6	PF12697
LSM14	PF12701
Lactamase_B_2	PF12706
Cnd1	PF12717
PTCB-BRCT	PF12738
ESR1_C	PF12743
SUZ	PF12752
Vac14_Fab1_bd	PF12755
zf-C2H2_2	PF12756
EF-hand_4	PF12763
Cohesin_HEAT	PF12765
PNTB_4TM	PF12769
AAA_6	PF12774
AAA_7	PF12775
MT	PF12777
AAA_8	PF12780
AAA_9	PF12781
Sec7_N	PF12783
Ank_2	PF12796
LRR_4	PF12799
Gly_rich	PF12810
Vps8	PF12816
BRCT_assoc	PF12820
Nipped-B_C	PF12830
Fer4_7	PF12838
DUF3819	PF12842
ABC_tran_Xtn	PF12848
Metallophos_2	PF12850
ANAPC1	PF12859
OST-HTH	PF12872
zf-met	PF12874
DUF3827	PF12877
ANAPC4_WD40	PF12894
SUZ-C	PF12901
RRP7	PF12923
APP_Cu_bd	PF12924
APP_E2	PF12925
Sec16_C	PF12931
FTO_NTD	PF12933
FTO_CTD	PF12934
Kri1_C	PF12936
F-box-like	PF12937
M_domain	PF12938
PRKCSH-like	PF12999
Ecm29	PF13001
MitMem_reg	PF13012
PRKCSH_1	PF13015
Maelstrom	PF13017
Fer2_3	PF13085
AAA_11	PF13086
AAA_12	PF13087
BNR_2	PF13088
CENP-U	PF13097
TPR_6	PF13174
TPR_7	PF13176
DNA_pol3_delta2	PF13177
TPR_8	PF13181
EF-hand_5	PF13202
Beta_helix	PF13229
rRNA_proc-arch	PF13234
AAA_18	PF13238
zinc_ribbon_2	PF13240
Hydrolase_like	PF13242
Cation_ATPase	PF13246
4HBT_2	PF13279
DUF4071	PF13281
SIR2_2	PF13289
Telomere_Sde2_2	PF13297
CPSF100_C	PF13299
LRR_5	PF13306
Helicase_C_2	PF13307
MCRS_N	PF13325
HD_4	PF13328
AATF-Che1	PF13339
Hydrolase_6	PF13344
PQQ_2	PF13360
TPR_10	PF13374
tRNA-synt_His	PF13393
EF-hand_6	PF13405
GST_N_2	PF13409
GST_C_2	PF13410
TPR_11	PF13414
GST_N_3	PF13417
HAD_2	PF13419
UCH_1	PF13423
TPR_12	PF13424
TPR_16	PF13432
zf-RING_UBOX	PF13445
NAD_binding_10	PF13460
zf-H2C2_2	PF13465
AAA_23	PF13476
AAA_25	PF13481
Methyltransf_23	PF13489
EF-hand_7	PF13499
GATase_5	PF13507
Fer2_4	PF13510
HEAT_EZ	PF13513
LRR_6	PF13516
VCBS	PF13517
VWA_2	PF13519
GATase_6	PF13522
2OG-FeII_Oxy_2	PF13532
Fer4_17	PF13534
RCC1_2	PF13540
SAM_KSR1	PF13543
SbcCD_C	PF13558
adh_short_C2	PF13561
HATPase_c_3	PF13589
ADH_zinc_N_2	PF13602
AAA_30	PF13604
Rotamase_3	PF13616
CarboxypepD_reg	PF13620
4HBT_3	PF13622
Ank_4	PF13637
PIN_4	PF13638
zf-RING_2	PF13639
HEAT_2	PF13646
Methyltransf_25	PF13649
RNA_pol_L_2	PF13656
DUF4147	PF13660
2OG-FeII_Oxy_4	PF13661
AAA_33	PF13671
Lactamase_B_4	PF13691
zf-CCHC_2	PF13696
CRAL_TRIO_2	PF13716
GNAT_acetyltr_2	PF13718
tRNA_bind_2	PF13725
E3_UbLigase_R4	PF13764
VWA_3	PF13768
zf-HC5HC2H	PF13771
Longin	PF13774
Pribosyltran_N	PF13793
Gal_mutarotas_2	PF13802
Dzip-like_N	PF13815
EF-hand_8	PF13833
Clathrin_H_link	PF13838
PC-Esterase	PF13839
Glyco_transf_41	PF13844
Thioredoxin_6	PF13848
7tm_4	PF13853
LRR_8	PF13855
Ank_5	PF13857
BCIP	PF13862
FoP_duplication	PF13865
zf-SAP30	PF13866
SAP30_Sin3_bdg	PF13867
NUDIX_2	PF13869
Bravo_FIGEY	PF13882
Rab3-GTPase_cat	PF13890
DBINO	PF13892
RRM_5	PF13893
zf-C2H2_4	PF13894
Ig_2	PF13895
DUF4205	PF13898
DUF4207	PF13904
DUF4208	PF13907
Shisa	PF13908
zf-H2C2_5	PF13909
zf-C2H2_6	PF13912
Phostensin	PF13914
Phostensin_N	PF13916
zf-CCHC_3	PF13917
PLDc_3	PF13918
zf-C3HC4_3	PF13920
Myb_DNA-bind_6	PF13921
zf-C3HC4_2	PF13923
Katanin_con80	PF13925
Ig_3	PF13927
Microtub_bind	PF13931
ELYS	PF13934
ALIX_LYPXL_bnd	PF13949
DUF4217	PF13959
Metallophos_C	PF14008
DCR	PF14047
MBD_C	PF14048
Dppa2_A	PF14049
Nudc_N	PF14050
Cep57_CLD	PF14073
WD40_alt	PF14077
FAM110_C	PF14160
FAM110_N	PF14161
Ribosomal_L18_c	PF14204
MOR2-PAG1_N	PF14222
MOR2-PAG1_C	PF14225
MOR2-PAG1_mid	PF14228
GYF_2	PF14237
CSTF_C	PF14304
PUA_2	PF14306
DUF4378	PF14309
PINIT	PF14324
CSTF2_hinge	PF14327
DUF4392	PF14336
Topo_C_assoc	PF14370
Ribos_L4_asso_C	PF14374
ECR1_N	PF14382
CFTR_R	PF14396
DOCK-C2	PF14429
SM-ATX	PF14438
DBC1	PF14443
S1-like	PF14444
Prok-RING_4	PF14447
AKAP28	PF14469
EFG_III	PF14492
HTH_40	PF14493
GST_C_3	PF14497
DAG_kinase_N	PF14513
HHH_5	PF14520
Syntaxin_2	PF14523
USP7_C2	PF14533
Raptor_N	PF14538
DBB	PF14545
MCM_N	PF14551
UBA_4	PF14555
TPR_19	PF14559
Ubiquitin_2	PF14560
zf-RING_4	PF14570
Pribosyl_synth	PF14572
EphA2_TM	PF14575
LRR_9	PF14580
PH_3	PF14593
SH3_9	PF14604
zf-CCCH_2	PF14608
CMS1	PF14617
SnAC	PF14619
Ribonucleas_3_3	PF14622
FancD2	PF14631
SPT6_acidic	PF14632
SH2_2	PF14633
zf-RING_5	PF14634
HHH_7	PF14635
FNIP_N	PF14636
FNIP_M	PF14637
FNIP_C	PF14638
YqgF	PF14639
HTH_44	PF14641
Chibby	PF14645
RAB3GAP2_N	PF14655
RAB3GAP2_C	PF14656
FXa_inhibition	PF14670
DSPn	PF14671
FANCI_S1-cap	PF14674
FANCI_S1	PF14675
FANCI_S2	PF14676
FANCI_S3	PF14677
FANCI_S4	PF14678
FANCI_HD1	PF14679
FANCI_HD2	PF14680
hGDE_N	PF14699
RPOL_N	PF14700
hDGE_amylase	PF14701
hGDE_central	PF14702
Costars	PF14705
DND1_DSRM	PF14709
PID_2	PF14719
UAE_UbL	PF14732
WASH-7_mid	PF14744
WASH-7_N	PF14745
WASH-7_C	PF14746
P5CR_dimer	PF14748
Reductase_C	PF14759
PS-DH	PF14765
BBS1	PF14779
DUF4477	PF14780
EF-hand_10	PF14788
AP3B1_C	PF14796
SEEEED	PF14797
FAM195	PF14799
Coatomer_b_Cpla	PF14806
FACT-Spt16_Nlob	PF14826
NAD_binding_11	PF14833
zf-RING_6	PF14835
Ubiquitin_3	PF14836
GF_recep_IV	PF14843
PH_BEACH	PF14844
DUF4485	PF14846
HMG_box_5	PF14887
PNMA	PF14893
CCDC144C	PF14915
CEP19	PF14933
SNAP	PF14938
MRP-S26	PF14943
TCRP1	PF14944
RESP18	PF14948
zf-tcix	PF14952
BORG_CEP	PF14957
ATP_synth_reg	PF14960
HAUS2	PF15003
DUF4517	PF15006
CEP44	PF15007
WRNPLPNID	PF15017
C9orf72-like	PF15019
PTCRA	PF15028
Rootletin	PF15035
NRN1	PF15056
Speriolin_N	PF15058
Speriolin_C	PF15059
TC1	PF15063
GOLGA2L5	PF15070
RGCC	PF15151
CaM-KIIN	PF15170
SPATA24	PF15175
zf-C3HC4_4	PF15227
POM121	PF15229
LAT	PF15234
GRIN_C	PF15235
PTRF_SDPR	PF15237
FAM53	PF15242
SLBP_RNA_bind	PF15247
Raftlin	PF15250
STIL_N	PF15253
DUF4592	PF15262
DUF4594	PF15266
PP1_bind	PF15276
Sec3-PIP2_bind	PF15277
BMP2K_C	PF15282
zf-CCHC_6	PF15288
Syntaphilin	PF15290
Dermcidin	PF15291
NUFIP2	PF15293
CKAP2_C	PF15297
ALS2CR8	PF15299
RNF111_N	PF15303
AKAP2_C	PF15304
CEP170_C	PF15308
ALMS_motif	PF15309
MDFI	PF15316
Lbh	PF15317
TALPID3	PF15324
Tankyrase_bdg_C	PF15327
TP53IP5	PF15331
Auts2	PF15336
SLX9	PF15341
GEMIN8	PF15348
TSKS	PF15358
CDV3	PF15359
DUF4596	PF15363
PNRC	PF15365
DUF4602	PF15375
DUF4603	PF15376
DUF4605	PF15378
PH_9	PF15410
MRP-S31	PF15433
THRAP3_BCLAF1	PF15440
DUF4630	PF15443
LAMTOR	PF15454
Sec5	PF15469
SMAP	PF15477
Peptidase_C98	PF15499
MPLKIP	PF15502
NAAA-beta	PF15508
DUF4650	PF15509
CENP-W	PF15510
CENP-T_C	PF15511
CAF-1_p60_C	PF15512
RBM39linker	PF15519
CAF1-p150_C2	PF15539
CAF1-p150_N	PF15557
DUF4659	PF15558
WHIM1	PF15612
WSD	PF15613
Lebercilin	PF15619
CEP76-C2	PF15627
zf-CCCH_3	PF15663
CEND1	PF15677
SPICE	PF15678
DUF4665	PF15679
AROS	PF15684
LYRIC	PF15686
NKAP	PF15692
Med26_C	PF15693
Med26_M	PF15694
NPAT_C	PF15712
PAF	PF15715
PCM1_C	PF15717
MNR	PF15718
DUF4683	PF15735
DUF4685	PF15737
CCSAP	PF15748
IHO1	PF15771
DUF4702	PF15774
ASH	PF15780
SMG1	PF15785
CCDC106	PF15794
Spec3	PF15795
KELK	PF15796
DUF4706	PF15797
PRAS	PF15798
zf-C6H2	PF15801
DCAF17	PF15802
zf-SCNM1	PF15803
SCNM1_acidic	PF15805
BCOR	PF15808
SVIP	PF15811
PUMA	PF15826
Coilin_N	PF15862
Fanconi_A_N	PF15865
PRKG1_interact	PF15898
Sortilin_C	PF15901
Sortilin-Vps10	PF15902
LIP1	PF15904
HMMR_N	PF15905
zf-NOSIP	PF15906
HMMR_C	PF15908
FAM193_C	PF15914
DUF4745	PF15923
DUF4749	PF15936
DUF4757	PF15949
Myb_DNA-bind_7	PF15963
CCCAP	PF15964
KH_6	PF15985
PNISR	PF15996
EFTUD2	PF16004
MOEP19	PF16005
NUSAP	PF16006
Anillin_N	PF16018
CALM_bind	PF16025
SLC3A2_N	PF16028
LisH_2	PF16045
FAM76	PF16046
CDC73_N	PF16050
Acyltransf_C	PF16076
2-oxogl_dehyd_N	PF16078
COR	PF16095
FXR_C1	PF16096
FXR_C3	PF16097
FXMR_C2	PF16098
ECH_2	PF16113
Citrate_bind	PF16114
40S_S4_C	PF16121
40S_SA_C	PF16122
HAGH_C	PF16123
RecQ_Zn_bind	PF16124
N_BRCA1_IG	PF16158
DOCK_N	PF16172
IHABP4_N	PF16174
T-box_assoc	PF16176
RHD_dimer	PF16179
AbLIM_anchor	PF16182
Kinesin_assoc	PF16183
Arm_3	PF16186
E1_FCCH	PF16190
E1_4HB	PF16191
UBA2_C	PF16195
KAsynt_C_assoc	PF16197
TruB_C_2	PF16198
Band_7_C	PF16200
NopRA1	PF16201
BLM_N	PF16202
BDHCT_assoc	PF16204
Ribosomal_S17_N	PF16205
RAWUL	PF16207
Keratin_2_head	PF16208
PhoLip_ATPase_N	PF16209
Keratin_2_tail	PF16210
Histone_H2A_C	PF16211
DCB	PF16213
AC_N	PF16214
NuDC	PF16273
Qua1	PF16274
SF1-HH	PF16275
NPM1-C	PF16276
zf-C2HE	PF16278
RSB_motif	PF16294
DUF4939	PF16297
WD40_4	PF16300
Ribosomal_L12_N	PF16320
CEBP_ZZ	PF16366
RRM_7	PF16367
CEBP1_N	PF16368
Coatomer_g_Cpla	PF16381
Aquarius_N	PF16399
Mlh1_C	PF16413
CNOT1_CAF1_bind	PF16415
CNOT1_TTP_bind	PF16417
CNOT1_HEAT	PF16418
Prot_ATP_ID_OB	PF16450
IQ_SEC7_PH	PF16453
PI3K_P85_iSH2	PF16454
PH_12	PF16457
S8_pro-domain	PF16470
JIP_LZII	PF16471
DUF5050	PF16472
KIND	PF16474
Staufen_C	PF16482
CPT_N	PF16484
ArgoN	PF16486
ArgoMid	PF16487
ArgoL2	PF16488
GAIN	PF16489
Na_Ca_ex_C	PF16494
Cyclin_N2	PF16500
SCAPER_N	PF16501
NIBRIN_BRCT_II	PF16508
FERM_f0	PF16511
RhoGAP-FF1	PF16512
CC2-LZ	PF16516
Nore1-SARAH	PF16517
TRPM_tetra	PF16519
Myosin-VI_CBD	PF16521
Exo84_C	PF16528
Ge1_WD40	PF16529
SAS-6_N	PF16531
ULD	PF16534
MKLP1_Arf_bdg	PF16540
STAR_dimer	PF16544
RPN13_C	PF16550
Quaking_NLS	PF16551
PUFD	PF16553
CUTL	PF16557
AZUL	PF16558
GIT_CC	PF16559
HECW_N	PF16562
P66_CC	PF16563
MBDa	PF16564
Sam68-YY	PF16568
CEP209_CC5	PF16574
CLP1_P	PF16575
UBA_5	PF16577
AdenylateSensor	PF16579
BRCT_2	PF16589
Edc3_linker	PF16598
PTN13_u3	PF16599
Caskin1-CID	PF16600
LSM_int_assoc	PF16605
CYLD_phos_site	PF16607
TNRC6-PABC_bdg	PF16608
SH3-RhoG_link	PF16609
RhoGEF67_u2	PF16614
RhoGEF67_u1	PF16615
PHC2_SAM_assoc	PF16616
INTAP	PF16617
zf-C2H2_11	PF16622
WW_FCH_linker	PF16623
zf-C2H2_assoc2	PF16624
Arm_APC_u3	PF16629
APC_u5	PF16630
Caskin-tail	PF16632
APC_u9	PF16633
APC_u13	PF16634
APC_u14	PF16635
APC_u15	PF16636
KCNQ2_u3	PF16642
AXIN1_TNKS_BD	PF16646
PH_13	PF16652
Sacchrp_dh_C	PF16653
Pur_ac_phosph_N	PF16656
Lactamase_B_6	PF16661
MAGI_u1	PF16663
MAGI_u5	PF16666
LAMTOR5	PF16672
TRAF_BIRC3_bd	PF16673
ELYS-bb	PF16687
APC_N_CC	PF16689
CSTF1_dimer	PF16699
Rab_bind	PF16704
NUDIX_5	PF16705
Nucleolin_bd	PF16725
CARD_2	PF16739
mRNA_decap_C	PF16741
Zf_RING	PF16744
BAR_3	PF16746
TBCC_N	PF16752
LIG3_BRCT	PF16759
CID_GANP	PF16766
NupH_GANP	PF16768
MCM3AP_GANP	PF16769
RTT107_BRCT_5	PF16770
TERF2_RBM	PF16772
INPP5B_PH	PF16776
AIMP2_LysRS_bd	PF16780
ATF7IP_BD	PF16788
fn3_4	PF16794
SF3A2	PF16835
SF3A3	PF16837
CNDH2_C	PF16858
PHD_4	PF16866
CNDH2_M	PF16869
OxoGdeHyase_C	PF16870
Sin3a_C	PF16879
EHD_N	PF16880
ATP-synt_ab_Xtn	PF16886
STPPase_N	PF16891
MMR_HSR1_Xtn	PF16897
TOPRIM_C	PF16898
REPA_OB_2	PF16900
Ribosomal_L26	PF16906
Caskin-Pro-rich	PF16907
TPKR_C2	PF16920
Glyco_hydro_63N	PF16923
PRORP	PF16953
SRP68	PF16969
SRP_TPR_like	PF17004
BET	PF17035
CEP63	PF17045
SMP_LBD	PF17047
JUPITER	PF17054
RITA	PF17066
RSRP	PF17069
CAMSAP_CC1	PF17095
Wtap	PF17098
BRD4_CDT	PF17105
Methyltr_RsmF_N	PF17125
Ribosomal_L18	PF17135
Ribosomal_L5e	PF17144
PIN_6	PF17146
GST_C_6	PF17171
PSI_integrin	PF17205
MCM_OB	PF17207
VHL_C	PF17211
Rrp44_S1	PF17215
Rrp44_CSD1	PF17216
CBX7_C	PF17218
YAF2_RYBP	PF17219
SMG1_N	PF17229
PRMT5_TIM	PF17285
PRMT5_C	PF17286
POB3_N	PF17292
Nrap_D2	PF17403
Nrap_D3	PF17404
Nrap_D4	PF17405
Nrap_D5	PF17406
Nrap_D6	PF17407
Tnp_22_trimer	PF17489
Tnp_22_dsRBD	PF17490
HHH_9	PF17674
GCP_N_terminal	PF17681
TFIIF_beta_N	PF17683
Gasdermin_C	PF17708
Ig_C17orf99	PF17736
SKICH	PF17751
tRNA_synthFbeta	PF17759
zf-MYST	PF17772
RL10P_insert	PF17777
OCRE	PF17780
RPN1_RPN2_N	PF17781
PH_14	PF17787
MG4	PF17789
MG1	PF17790
MG3	PF17791
Vault_2	PF17794
Vault_3	PF17795
Vault_4	PF17796
RL	PF17797
RRM_Rrp7	PF17799
SpaA	PF17802
zf-UBP_var	PF17807
UPA_2	PF17809
JHD	PF17811
LisH_TPL	PF17814
PDZ_5	PF17817
PDZ_6	PF17820
STI1	PF17830
Pre-PUA	PF17832
UPF0113_N	PF17833
NOG1_N	PF17835
PH_16	PF17838
Tugs	PF17840
XRN_M	PF17846
zf-ACC	PF17848
OB_Dis3	PF17849
Dynein_AAA_lid	PF17852
MCM_lid	PF17855
TIP49_C	PF17856
AAA_lid_3	PF17862
AAA_lid_5	PF17865
AAA_lid_7	PF17867
Insulin_TMD	PF17870
AAA_lid_10	PF17872
Dis3l2_C_term	PF17877
Jak1_Phl	PF17887
Peptidase_M1_N	PF17900
SH3_10	PF17902
KH_8	PF17903
KH_9	PF17904
AWS	PF17907
Ski2_N	PF17911
FHA_2	PF17913
Morc6_S5	PF17942
EF-hand_13	PF17958
EF-hand_14	PF17959
TIG_plexin	PF17960
zf-RING_12	PF17976
zf-RING_14	PF17978
zf-CRD	PF17979
ADD_ATRX	PF17981
C5HCH	PF17982
VEGFR-2_TMD	PF17988
RPN2_C	PF18004
eIF3m_C_helix	PF18005
PH_17	PF18012
TIG_2	PF18020
FERM_N_2	PF18038
UBA_6	PF18039
zf-CCCH_4	PF18044
TRAF6_Z2	PF18048
RPN1_C	PF18051
RPN6_N	PF18055
FGAR-AT_linker	PF18072
FGAR-AT_N	PF18076
DUF5595	PF18077
PPIP5K2_N	PF18086
Vta1_C	PF18097
PDE4_UCR	PF18100
Pan3_PK	PF18101
DTC	PF18102
Fer4_24	PF18109
RPGR1_C	PF18111
Zn-C2H2_12	PF18112
Suv3_N	PF18114
RIG-I_C	PF18119
TFA2_Winged_2	PF18121
APC1_C	PF18122
SH3_12	PF18129
KN17_SH3	PF18131
LSDAT_euk	PF18139
PCC_BT	PF18140
DUF5599	PF18141
Suv3_C_1	PF18147
RGS_DHEX	PF18148
Helicase_PWI	PF18149
DUF5600	PF18150
DUF5601	PF18151
Plk4_PB1	PF18190
AAA_lid_11	PF18198
Dynein_C	PF18199
PIH1_CS	PF18201
PhetRS_B1	PF18262
MCM6_C	PF18263
Nudix_hydro	PF18290
Caprin-1_dimer	PF18293
Tfb2_C	PF18307
GGA_N-GAT	PF18308
CSN5_C	PF18323
XRN1_D1	PF18332
XRN1_D2_D3	PF18334
Tudor_FRX1	PF18336
zf_CCCH_4	PF18345
SH3_15	PF18346
hnRNP_Q_AcD	PF18360
THB	PF18362
I-EGF_1	PF18372
Spectrin_like	PF18373
CDH1_2_SANT_HL1	PF18375
FERM_F2	PF18377
FERM_F1	PF18379
ROQ_II	PF18386
zf_C2H2_ZHX	PF18387
CHIP_TPR_N	PF18391
CSN7a_helixI	PF18392
TBK1_CCD1	PF18394
TBK1_ULD	PF18396
IKBKB_SDD	PF18397
zf_Hakai	PF18408
Plk4_PB2	PF18409
zf_C2H2_10	PF18414
CSN4_RPN5_eIF3a	PF18420
BRCT_3	PF18428
HECW1_helix	PF18436
GBR2_CC	PF18455
PIN_11	PF18479
GST_N_5	PF18485
RPN6_C_helix	PF18503
LZ3wCH	PF18517
TAD2	PF18521
PheRS_DBD1	PF18552
PheRS_DBD3	PF18553
PheRS_DBD2	PF18554
TIR_3	PF18567
Thioredoxin_16	PF18569
zf_C2HC_14	PF18574
HTH_SUN2	PF18580
Sas6_CC	PF18594
HTH_53	PF18606
TrkA_TMD	PF18613
zf-CCCH_8	PF18633
TDP43_N	PF18694
Chromo_2	PF18704
EGF_Tenascin	PF18720
ALMS_repeat	PF18727
HEPN_DZIP3	PF18738
Arm_vescicular	PF18770
CRM1_repeat	PF18777
LRR_RI_capping	PF18779
NAD2	PF18782
CRM1_repeat_2	PF18784
CRM1_repeat_3	PF18787
APC_rep	PF18797
Importin_rep_4	PF18808
Importin_rep_5	PF18816
Importin_rep_6	PF18829
Daz	PF18872
AF4_int	PF18875
AF-4_C	PF18876
FBPase_C	PF18913
DUF5745	PF19016
ASK_PH	PF19039
GM130_C	PF19046
HOOK_N	PF19047
WD40_2	PF19056
PH_19	PF19057
TUTase	PF19088
DUF5861	PF19179
AGRB_N	PF19188
TRP_2	PF08344
CTNNB1_binding	PF08347
DUF1726	PF08351
EF_assoc_1	PF08355
EF_assoc_2	PF08356
LLGL	PF08366
Protocadherin	PF08374
Rpn3_C	PF08375
MAP2_projctn	PF08377
IMD	PF08397
VWA_N	PF08399
AA_permease_N	PF08403
RIH_assoc	PF08454
PDEase_I_N	PF08499
RunxI	PF08504
AXH	PF08517
GIT_SHD	PF08518
MBF1	PF08523
AAA	PF00004
Ank	PF00023
adh_short	PF00106
WD40	PF00400
DAO	PF01266
Epimerase	PF01370
PPR	PF01535
APH	PF01636
MMR_HSR1	PF01926
SMC_N	PF02463
HATPase_c	PF02518
ABC1	PF03109
ResIII	PF04851
NACHT	PF05729
I-set	PF07679
MFS_1	PF07690
AAA_5	PF07728
Pyr_redox_2	PF07992
Methyltransf_11	PF08241
KR	PF08659
ABC_tran	PF00005
Pkinase	PF00069
zf-C2H2	PF00096
zf-C3HC4	PF00097
PK_Tyr_Ser-Thr	PF07714
SPRY	PF00622
PRY	PF13765
AMP-binding_C	PF13193
DAGK_acc	PF00609
Vinculin	PF01044
I_LWEQ	PF01608
UIM	PF02809
VBS	PF08913
Talin_middle	PF09141
CAS_C	PF12026
PhoLip_ATPase_C	PF16212
HIP1_clath_bdg	PF16515
DAO_C	PF16901
Armet	PF10208
DSPc	PF00782
