id_pfam	pfam_domain
PF00002	7tm_2
PF00003	7tm_3
PF00006	ATP-synt_ab
PF00007	Cys_knot
PF00009	GTP_EFTU
PF00010	HLH
PF00011	HSP20
PF00012	HSP70
PF00013	KH_1
PF00014	Kunitz_BPTI
PF00017	SH2
PF00019	TGF_beta
PF00021	UPAR_LY6
PF00022	Actin
PF00025	Arf
PF00001	7tm_1
PF00008	EGF
PF00018	SH3_1
PF00020	TNFR_c6
PF00027	cNMP_binding
PF00028	Cadherin
PF00029	Connexin
PF00030	Crystall
PF00031	Cystatin
PF00034	Cytochrom_C
PF00035	dsrm
PF00036	EF-hand_1
PF00038	Filament
PF00040	fn2
PF00041	fn3
PF00043	GST_C
PF00044	Gp_dh_N
PF00045	Hemopexin
PF00046	Homeodomain
PF00047	ig
PF00048	IL8
PF00050	Kazal_1
PF00051	Kringle
PF00053	Laminin_EGF
PF00055	Laminin_N
PF00056	Ldh_1_N
PF00057	Ldl_recept_a
PF00058	Ldl_recept_b
PF00059	Lectin_C
PF00060	Lig_chan
PF00061	Lipocalin
PF00062	Lys
PF00063	Myosin_head
PF00066	Notch
PF00067	p450
PF00068	Phospholip_A2_1
PF00070	Pyr_redox
PF00071	Ras
PF00074	RnaseA
PF00075	RNase_H
PF00076	RRM_1
PF00078	RVT_1
PF00079	Serpin
PF00080	Sod_Cu
PF00082	Peptidase_S8
PF00083	Sugar_tr
PF00084	Sushi
PF00085	Thioredoxin
PF00086	Thyroglobulin_1
PF00087	Toxin_TOLIP
PF00089	Trypsin
PF00090	TSP_1
PF00091	Tubulin
PF00092	VWA
PF00093	VWC
PF00098	zf-CCHC
PF00100	Zona_pellucida
PF00102	Y_phosphatase
PF00104	Hormone_recep
PF00105	zf-C4
PF00107	ADH_zinc_N
PF00108	Thiolase_N
PF00109	ketoacyl-synt
PF00111	Fer2
PF00112	Peptidase_C1
PF00113	Enolase_C
PF00116	COX2
PF00117	GATase
PF00118	Cpn60_TCP1
PF00120	Gln-synt_C
PF00121	TIM
PF00122	E1-E2_ATPase
PF00125	Histone
PF00128	Alpha-amylase
PF00129	MHC_I
PF00130	C1_1
PF00133	tRNA-synt_1
PF00134	Cyclin_N
PF00135	COesterase
PF00136	DNA_pol_B
PF00145	DNA_methylase
PF00147	Fibrinogen_C
PF00149	Metallophos
PF00152	tRNA-synt_2
PF00153	Mito_carr
PF00155	Aminotran_1_2
PF00157	Pou
PF00160	Pro_isomerase
PF00162	PGK
PF00163	Ribosomal_S4
PF00164	Ribosom_S12_S23
PF00166	Cpn10
PF00167	FGF
PF00168	C2
PF00169	PH
PF00170	bZIP_1
PF00171	Aldedh
PF00173	Cyt-b5
PF00175	NAD_binding_1
PF00176	SNF2-rel_dom
PF00177	Ribosomal_S7
PF00178	Ets
PF00179	UQ_con
PF00180	Iso_dh
PF00181	Ribosomal_L2
PF00183	HSP90
PF00185	OTCace
PF00188	CAP
PF00189	Ribosomal_S3_C
PF00191	Annexin
PF00193	Xlink
PF00194	Carb_anhydrase
PF00198	2-oxoacid_dh
PF00200	Disintegrin
PF00202	Aminotran_3
PF00203	Ribosomal_S19
PF00204	DNA_gyraseB
PF00206	Lyase_1
PF00207	A2M
PF00208	ELFV_dehydrog
PF00209	SNF
PF00210	Ferritin
PF00211	Guanylate_cyc
PF00213	OSCP
PF00217	ATP-gua_Ptrans
PF00219	IGFBP
PF00224	PK
PF00225	Kinesin
PF00226	DnaJ
PF00227	Proteasome
PF00230	MIP
PF00231	ATP-synt
PF00233	PDEase_I
PF00235	Profilin
PF00237	Ribosomal_L22
PF00238	Ribosomal_L14
PF00240	ubiquitin
PF00241	Cofilin_ADF
PF00244	14-3-3
PF00245	Alk_phosphatase
PF00246	Peptidase_M14
PF00248	Aldo_ket_red
PF00249	Myb_DNA-binding
PF00250	Forkhead
PF00252	Ribosomal_L16
PF00254	FKBP_C
PF00255	GSHPx
PF00258	Flavodoxin_1
PF00261	Tropomyosin
PF00262	Calreticulin
PF00270	DEAD
PF00271	Helicase_C
PF00273	Serum_albumin
PF00274	Glycolytic
PF00276	Ribosomal_L23
PF00278	Orn_DAP_Arg_deC
PF00281	Ribosomal_L5
PF00282	Pyridoxal_deC
PF00285	Citrate_synt
PF00287	Na_K-ATPase
PF00288	GHMP_kinases_N
PF00289	Biotin_carb_N
PF00291	PALP
PF00292	PAX
PF00293	NUDIX
PF00294	PfkB
PF00297	Ribosomal_L3
PF00298	Ribosomal_L11
PF00300	His_Phos_1
PF00303	Thymidylat_synt
PF00305	Lipoxygenase
PF00306	ATP-synt_ab_C
PF00307	CH
PF00312	Ribosomal_S15
PF00313	CSD
PF00316	FBPase
PF00317	Ribonuc_red_lgN
PF00318	Ribosomal_S2
PF00320	GATA
PF00322	Endothelin
PF00324	AA_permease
PF00326	Peptidase_S9
PF00327	Ribosomal_L30
PF00328	His_Phos_2
PF00329	Complex1_30kDa
PF00330	Aconitase
PF00333	Ribosomal_S5
PF00334	NDK
PF00335	Tetraspanin
PF00337	Gal-bind_lectin
PF00338	Ribosomal_S10
PF00339	Arrestin_N
PF00341	PDGF
PF00342	PGI
PF00343	Phosphorylase
PF00346	Complex1_49kDa
PF00347	Ribosomal_L6
PF00348	polyprenyl_synt
PF00349	Hexokinase_1
PF00350	Dynamin_N
PF00352	TBP
PF00354	Pentaxin
PF00355	Rieske
PF00362	Integrin_beta
PF00364	Biotin_lipoyl
PF00365	PFK
PF00366	Ribosomal_S17
PF00370	FGGY_N
PF00373	FERM_M
PF00375	SDF
PF00377	Prion
PF00378	ECH_1
PF00380	Ribosomal_S9
PF00382	TFIIB
PF00384	Molybdopterin
PF00385	Chromo
PF00386	C1q
PF00387	PI-PLC-Y
PF00388	PI-PLC-X
PF00389	2-Hacid_dh
PF00390	malic
PF00393	6PGD
PF00394	Cu-oxidase
PF00397	WW
PF00398	RrnaAD
PF00402	Calponin
PF00405	Transferrin
PF00406	ADK
PF00408	PGM_PMM_IV
PF00410	Ribosomal_S8
PF00411	Ribosomal_S11
PF00412	LIM
PF00413	Peptidase_M10
PF00414	MAP1B_neuraxin
PF00415	RCC1
PF00416	Ribosomal_S13
PF00418	Tubulin-binding
PF00428	Ribosomal_60s
PF00431	CUB
PF00433	Pkinase_C
PF00435	Spectrin
PF00436	SSB
PF00438	S-AdoMet_synt_N
PF00439	Bromodomain
PF00441	Acyl-CoA_dh_1
PF00443	UCH
PF00445	Ribonuclease_T2
PF00447	HSF_DNA-bind
PF00448	SRP54
PF00450	Peptidase_S10
PF00452	Bcl-2
PF00453	Ribosomal_L20
PF00454	PI3_PI4_kinase
PF00456	Transketolase_N
PF00458	WHEP-TRS
PF00459	Inositol_P
PF00462	Glutaredoxin
PF00464	SHMT
PF00466	Ribosomal_L10
PF00467	KOW
PF00474	SSF
PF00478	IMPDH
PF00479	G6PD_N
PF00480	ROK
PF00481	PP2C
PF00487	FA_desaturase
PF00488	MutS_V
PF00491	Arginase
PF00493	MCM
PF00498	FHA
PF00501	AMP-binding
PF00503	G-alpha
PF00505	HMG_box
PF00514	Arm
PF00515	TPR_1
PF00520	Ion_trans
PF00521	DNA_topoisoIV
PF00525	Crystallin
PF00531	Death
PF00533	BRCT
PF00534	Glycos_transf_1
PF00535	Glycos_transf_2
PF00536	SAM_1
PF00538	Linker_histone
PF00542	Ribosomal_L12
PF00549	Ligase_CoA
PF00550	PP-binding
PF00551	Formyl_trans_N
PF00554	RHD_DNA_bind
PF00557	Peptidase_M24
PF00560	LRR_1
PF00561	Abhydrolase_1
PF00562	RNA_pol_Rpb2_6
PF00564	PB1
PF00565	SNase
PF00566	RabGAP-TBC
PF00567	TUDOR
PF00568	WH1
PF00569	ZZ
PF00570	HRDC
PF00571	CBS
PF00572	Ribosomal_L13
PF00573	Ribosomal_L4
PF00574	CLP_protease
PF00575	S1
PF00578	AhpC-TSA
PF00579	tRNA-synt_1b
PF00581	Rhodanese
PF00583	Acetyltransf_1
PF00586	AIRS
PF00587	tRNA-synt_2b
PF00588	SpoU_methylase
PF00594	Gla
PF00595	PDZ
PF00596	Aldolase_II
PF00610	DEP
PF00611	FCH
PF00612	IQ
PF00613	PI3Ka
PF00614	PLDc
PF00615	RGS
PF00616	RasGAP
PF00617	RasGEF
PF00618	RasGEF_N
PF00619	CARD
PF00620	RhoGAP
PF00621	RhoGEF
PF00623	RNA_pol_Rpb1_2
PF00625	Guanylate_kin
PF00626	Gelsolin
PF00627	UBA
PF00628	PHD
PF00629	MAM
PF00630	Filamin
PF00631	G-gamma
PF00632	HECT
PF00634	BRCA2
PF00635	Motile_Sperm
PF00636	Ribonuclease_3
PF00637	Clathrin
PF00638	Ran_BP1
PF00639	Rotamase
PF00640	PID
PF00641	zf-RanBP
PF00642	zf-CCCH
PF00643	zf-B_box
PF00644	PARP
PF00645	zf-PARP
PF00646	F-box
PF00647	EF1G
PF00648	Peptidase_C2
PF00650	CRAL_TRIO
PF00651	BTB
PF00652	Ricin_B_lectin
PF00653	BIR
PF00654	Voltage_CLC
PF00656	Peptidase_C14
PF00658	PABP
PF00659	POLO_box
PF00664	ABC_membrane
PF00666	Cathelicidins
PF00670	AdoHcyase_NAD
PF00673	Ribosomal_L5_C
PF00675	Peptidase_M16
PF00676	E1_dh
PF00679	EFG_C
PF00681	Plectin
PF00682	HMGL-like
PF00683	TB
PF00684	DnaJ_CXXCXGXG
PF00685	Sulfotransfer_1
PF00687	Ribosomal_L1
PF00688	TGFb_propeptide
PF00689	Cation_ATPase_C
PF00690	Cation_ATPase_N
PF00692	dUTPase
PF00694	Aconitase_C
PF00696	AA_kinase
PF00698	Acyl_transf_1
PF00702	Hydrolase
PF00704	Glyco_hydro_18
PF00705	PCNA_N
PF00708	Acylphosphatase
PF00714	IFN-gamma
PF00719	Pyrophosphatase
PF00723	Glyco_hydro_15
PF00725	3HCDH
PF00728	Glyco_hydro_20
PF00730	HhH-GPD
PF00731	AIRC
PF00735	Septin
PF00736	EF1_GNE
PF00749	tRNA-synt_1c
PF00750	tRNA-synt_1d
PF00752	XPG_N
PF00753	Lactamase_B
PF00754	F5_F8_type_C
PF00755	Carn_acyltransf
PF00757	Furin-like
PF00758	EPO_TPO
PF00763	THF_DHG_CYH
PF00766	ETF_alpha
PF00769	ERM
PF00773	RNB
PF00777	Glyco_transf_29
PF00778	DIX
PF00779	BTK
PF00780	CNH
PF00781	DAGK_cat
PF00784	MyTH4
PF00786	PBD
PF00787	PX
PF00788	RA
PF00789	UBX
PF00790	VHS
PF00791	ZU5
PF00792	PI3K_C2
PF00794	PI3K_rbd
PF00801	PKD
PF00804	Syntaxin
PF00806	PUF
PF00808	CBFD_NFYB_HMF
PF00811	Ependymin
PF00814	TsaD
PF00822	PMP22_Claudin
PF00827	Ribosomal_L15e
PF00828	Ribosomal_L27A
PF00831	Ribosomal_L29
PF00832	Ribosomal_L39
PF00833	Ribosomal_S17e
PF00835	SNAP-25
PF00838	TCTP
PF00839	Cys_rich_FGFR
PF00849	PseudoU_synth_2
PF00850	Hist_deacetyl
PF00853	Runt
PF00855	PWWP
PF00856	SET
PF00859	CTF_NFI
PF00864	P2X_receptor
PF00867	XPG_I
PF00868	Transglut_N
PF00870	P53
PF00880	Nebulin
PF00883	Peptidase_M17
PF00887	ACBP
PF00888	Cullin
PF00889	EF_TS
PF00890	FAD_binding_2
PF00892	EamA
PF00899	ThiF
PF00900	Ribosomal_S4e
PF00903	Glyoxalase
PF00907	T-box
PF00917	MATH
PF00923	TAL_FSA
PF00927	Transglut_C
PF00928	Adap_comp_sub
PF00929	RNase_T
PF00930	DPPIV_N
PF00932	LTD
PF00935	Ribosomal_L44
PF00940	RNA_pol
PF00941	FAD_binding_5
PF00955	HCO3_cotransp
PF00956	NAP
PF00957	Synaptobrevin
PF00958	GMP_synt_C
PF00965	TIMP
PF00970	FAD_binding_6
PF00975	Thioesterase
PF00988	CPSase_sm_chain
PF00989	PAS
PF00992	Troponin
PF00994	MoCF_biosynth
PF00995	Sec1
PF00996	GDI
PF01000	RNA_pol_A_bac
PF01007	IRK
PF01008	IF-2B
PF01012	ETF
PF01015	Ribosomal_S3Ae
PF01017	STAT_alpha
PF01018	GTP1_OBG
PF01019	G_glu_transpept
PF01020	Ribosomal_L40e
PF01023	S_100
PF01025	GrpE
PF01027	Bax1-I
PF01028	Topoisom_I
PF01030	Recep_L_domain
PF01031	Dynamin_M
PF01033	Somatomedin_B
PF01034	Syndecan
PF01039	Carboxyl_trans
PF01040	UbiA
PF01048	PNP_UDP_1
PF01049	Cadherin_C
PF01055	Glyco_hydro_31
PF01056	Myc_N
PF01058	Oxidored_q6
PF01064	Activin_recp
PF01066	CDP-OH_P_transf
PF01067	Calpain_III
PF01068	DNA_ligase_A_M
PF01071	GARS_A
PF01073	3Beta_HSD
PF01080	Presenilin
PF01084	Ribosomal_S18
PF01086	Clathrin_lg_ch
PF01088	Peptidase_C12
PF01090	Ribosomal_S19e
PF01092	Ribosomal_S6e
PF01093	Clusterin
PF01094	ANF_receptor
PF01096	TFIIS_C
PF01099	Uteroglobin
PF01101	HMG14_17
PF01103	Omp85
PF01112	Asparaginase_2
PF01115	F_actin_cap_B
PF01119	DNA_mis_repair
PF01121	CoaE
PF01124	MAPEG
PF01125	G10
PF01126	Heme_oxygenase
PF01128	IspD
PF01131	Topoisom_bac
PF01133	ER
PF01135	PCMT
PF01137	RTC
PF01138	RNase_PH
PF01139	RtcB
PF01145	Band_7
PF01146	Caveolin
PF01149	Fapy_DNA_glyco
PF01150	GDA1_CD39
PF01151	ELO
PF01153	Glypican
PF01157	Ribosomal_L21e
PF01158	Ribosomal_L36e
PF01159	Ribosomal_L6e
PF01161	PBP
PF01163	RIO1
PF01166	TSC22
PF01167	Tub
PF01168	Ala_racemase_N
PF01170	UPF0020
PF01172	SBDS
PF01176	eIF-1a
PF01182	Glucosamine_iso
PF01187	MIF
PF01189	Methyltr_RsmB-F
PF01191	RNA_pol_Rpb5_C
PF01192	RNA_pol_Rpb6
PF01193	RNA_pol_L
PF01194	RNA_pol_N
PF01196	Ribosomal_L17
PF01198	Ribosomal_L31e
PF01199	Ribosomal_L34e
PF01200	Ribosomal_S28e
PF01201	Ribosomal_S8e
PF01209	Ubie_methyltran
PF01213	CAP_N
PF01214	CK_II_beta
PF01215	COX5B
PF01217	Clat_adaptor_s
PF01218	Coprogen_oxidas
PF01221	Dynein_light
PF01222	ERG4_ERG24
PF01223	Endonuclease_NS
PF01230	HIT
PF01234	NNMT_PNMT_TEMT
PF01237	Oxysterol_BP
PF01242	PTPS
PF01245	Ribosomal_L19
PF01246	Ribosomal_L24e
PF01247	Ribosomal_L35Ae
PF01248	Ribosomal_L7Ae
PF01249	Ribosomal_S21e
PF01251	Ribosomal_S7e
PF01253	SUI1
PF01254	TP2
PF01257	2Fe-2S_thioredx
PF01259	SAICAR_synt
PF01262	AlaDh_PNT_C
PF01267	F-actin_cap_A
PF01268	FTHFS
PF01269	Fibrillarin
PF01275	Myelin_PLP
PF01280	Ribosomal_L19e
PF01282	Ribosomal_S24e
PF01283	Ribosomal_S26e
PF01284	MARVEL
PF01285	TEA
PF01287	eIF-5a
PF01291	LIF_OSM
PF01294	Ribosomal_L13e
PF01296	Galanin
PF01299	Lamp
PF01302	CAP_GLY
PF01315	Ald_Xan_dh_C
PF01323	DSBA
PF01335	DED
PF01336	tRNA_anti-codon
PF01342	SAND
PF01344	Kelch_1
PF01352	KRAB
PF01359	Transposase_1
PF01363	FYVE
PF01365	RYDR_ITPR
PF01369	Sec7
PF01380	SIS
PF01381	HTH_3
PF01387	Synuclein
PF01388	ARID
PF01390	SEA
PF01391	Collagen
PF01392	Fz
PF01393	Chromo_shadow
PF01394	Clathrin_propel
PF01398	JAB
PF01399	PCI
PF01403	Sema
PF01404	Ephrin_lbd
PF01409	tRNA-synt_2d
PF01410	COLFI
PF01411	tRNA-synt_2c
PF01412	ArfGap
PF01416	PseudoU_synth_1
PF01417	ENTH
PF01421	Reprolysin
PF01422	zf-NF-X1
PF01423	LSM
PF01424	R3H
PF01425	Amidase
PF01426	BAH
PF01428	zf-AN1
PF01429	MBD
PF01431	Peptidase_M13
PF01433	Peptidase_M1
PF01434	Peptidase_M41
PF01436	NHL
PF01437	PSI
PF01442	Apolipoprotein
PF01448	ELM2
PF01451	LMWPc
PF01454	MAGE
PF01459	Porin_3
PF01462	LRRNT
PF01465	GRIP
PF01466	Skp1
PF01467	CTP_transf_like
PF01471	PG_binding_1
PF01472	PUA
PF01476	LysM
PF01477	PLAT
PF01479	S4
PF01480	PWI
PF01483	P_proprotein
PF01485	IBR
PF01496	V_ATPase_I
PF01501	Glyco_transf_8
PF01504	PIP5K
PF01505	Vault
PF01509	TruB_N
PF01529	DHHC
PF01534	Frizzled
PF01545	Cation_efflux
PF01546	Peptidase_M20
PF01553	Acyltransferase
PF01556	DnaJ_C
PF01557	FAA_hydrolase
PF01562	Pep_M12B_propep
PF01564	Spermine_synth
PF01565	FAD_binding_4
PF01569	PAP2
PF01575	MaoC_dehydratas
PF01576	Myosin_tail_1
PF01582	TIR
PF01583	APS_kinase
PF01585	G-patch
PF01588	tRNA_bind
PF01590	GAF
PF01591	6PF2K
PF01593	Amino_oxidase
PF01594	AI-2E_transport
PF01596	Methyltransf_3
PF01599	Ribosomal_S27
PF01602	Adaptin_N
PF01603	B56
PF01607	CBM_14
PF01612	DNA_pol_A_exo1
PF01624	MutS_I
PF01633	Choline_kinase
PF01648	ACPS
PF01652	IF4E
PF01655	Ribosomal_L32e
PF01658	Inos-1-P_synth
PF01661	Macro
PF01663	Phosphodiest
PF01667	Ribosomal_S27e
PF01669	Myelin_MBP
PF01693	Cauli_VI
PF01699	Na_Ca_ex
PF01704	UDPGP
PF01712	dNK
PF01713	Smr
PF01722	BolA
PF01728	FtsJ
PF01729	QRPTase_C
PF01731	Arylesterase
PF01734	Patatin
PF01746	tRNA_m1G_MT
PF01747	ATP-sulfurylase
PF01749	IBB
PF01751	Toprim
PF01753	zf-MYND
PF01754	zf-A20
PF01755	Glyco_transf_25
PF01756	ACOX
PF01759	NTR
PF01762	Galactosyl_T
PF01765	RRF
PF01775	Ribosomal_L18A
PF01776	Ribosomal_L22e
PF01777	Ribosomal_L27e
PF01778	Ribosomal_L28e
PF01779	Ribosomal_L29e
PF01780	Ribosomal_L37ae
PF01781	Ribosomal_L38e
PF01791	DeoC
PF01794	Ferric_reduct
PF01798	Nop
PF01799	Fer2_2
PF01803	LIM_bind
PF01805	Surp
PF01808	AICARFT_IMPCHas
PF01813	ATP-synt_D
PF01821	ANATO
PF01822	WSC
PF01825	GPS
PF01833	TIG
PF01834	XRCC1_N
PF01835	MG2
PF01841	Transglut_core
PF01843	DIL
PF01846	FF
PF01849	NAC
PF01851	PC_rep
PF01852	START
PF01853	MOZ_SAS
PF01857	RB_B
PF01858	RB_A
PF01866	Diphthamide_syn
PF01868	RNase_P-MRP_p29
PF01869	BcrAD_BadFG
PF01873	eIF-5_eIF-2B
PF01876	RNase_P_p30
PF01878	EVE
PF01883	FeS_assembly_P
PF01900	RNase_P_Rpp14
PF01902	Diphthami_syn_2
PF01907	Ribosomal_L37e
PF01909	NTP_transf_2
PF01912	eIF-6
PF01918	Alba
PF01920	Prefoldin_2
PF01922	SRP19
PF01928	CYTH
PF01929	Ribosomal_L14e
PF01936	NYN
PF01956	EMC3_TMCO1
PF01965	DJ-1_PfpI
PF01966	HD
PF01968	Hydantoinase_A
PF01979	Amidohydro_1
PF01981	PTH2
PF01991	vATP-synt_E
PF01992	vATP-synt_AC39
PF01997	Translin
PF02002	TFIIE_alpha
PF02005	TRM
PF02008	zf-CXXC
PF02010	REJ
PF02014	Reeler
PF02017	CIDE-N
PF02020	W2
PF02023	SCAN
PF02026	RyR
PF02029	Caldesmon
PF02036	SCP2
PF02037	SAP
PF02038	ATP1G1_PLM_MAT8
PF02045	CBFB_NFYA
PF02063	MARCKS
PF02064	MAS20
PF02078	Synapsin
PF02099	Josephin
PF02109	DAD
PF02121	IP_trans
PF02126	PTE
PF02135	zf-TAZ
PF02136	NTF2
PF02137	A_deamin
PF02138	Beach
PF02140	Gal_Lectin
PF02141	DENN
PF02142	MGS
PF02145	Rap_GAP
PF02146	SIR2
PF02148	zf-UBP
PF02149	KA1
PF02155	GCR
PF02158	Neuregulin
PF02159	Oest_recep
PF02161	Prog_receptor
PF02165	WT1
PF02167	Cytochrom_C1
PF02170	PAZ
PF02171	Piwi
PF02172	KIX
PF02174	IRS
PF02176	zf-TRAF
PF02177	APP_N
PF02178	AT_hook
PF02179	BAG
PF02180	BH4
PF02181	FH2
PF02182	SAD_SRA
PF02184	HAT
PF02185	HR1
PF02186	TFIIE_beta
PF02187	GAS2
PF02188	GoLoco
PF02190	LON_substr_bdg
PF02191	OLF
PF02192	PI3K_p85B
PF02196	RBD
PF02197	RIIa
PF02198	SAM_PNT
PF02201	SWIB
PF02204	VPS9
PF02205	WH2
PF02207	zf-UBR
PF02208	Sorb
PF02209	VHP
PF02210	Laminin_G_2
PF02212	GED
PF02213	GYF
PF02214	BTB_2
PF02218	HS1_rep
PF02223	Thymidylate_kin
PF02229	PC4
PF02230	Abhydrolase_2
PF02233	PNTB
PF02234	CDI
PF02238	COX7a
PF02244	Propep_M14
PF02245	Pur_DNA_glyco
PF02251	PA28_alpha
PF02252	PA28_beta
PF02256	Fe_hyd_SSU
PF02259	FAT
PF02260	FATC
PF02263	GBP
PF02269	TFIID-18kDa
PF02270	TFIIF_beta
PF02271	UCR_14kD
PF02272	DHHA1
PF02274	ADI
PF02284	COX5A
PF02290	SRP14
PF02295	z-alpha
PF02296	Alpha_adaptin_C
PF02297	COX6B
PF02301	HORMA
PF02312	CBF_beta
PF02318	FYVE_2
PF02319	E2F_TDP
PF02320	UCR_hinge
PF02330	MAM33
PF02338	OTU
PF02344	Myc-LZ
PF02348	CTP_transf_3
PF02350	Epimerase_2
PF02354	Latrophilin
PF02359	CDC48_N
PF02368	Big_2
PF02373	JmjC
PF02374	ArsA_ATPase
PF02375	JmjN
PF02376	CUT
PF02377	Dishevelled
PF02383	Syja_N
PF02390	Methyltransf_4
PF02403	Seryl_tRNA_N
PF02423	OCD_Mu_crystall
PF02436	PYC_OADA
PF02453	Reticulon
PF02466	Tim17
PF02475	Met_10
PF02493	MORN
PF02513	Spin-Ssty
PF02516	STT3
PF02535	Zip
PF02536	mTERF
PF02538	Hydantoinase_B
PF02540	NAD_synthase
PF02544	Steroid_dh
PF02580	Tyr_Deacylase
PF02598	Methyltrn_RNA_3
PF02617	ClpS
PF02629	CoA_binding
PF02630	SCO1-SenC
PF02671	PAH
PF02729	OTCace_N
PF02731	SKIP_SNW
PF02732	ERCC4
PF02735	Ku
PF02736	Myosin_N
PF02737	3HCDH_N
PF02738	Ald_Xan_dh_C2
PF02747	PCNA_C
PF02749	QRPTase_N
PF02750	Synapsin_C
PF02752	Arrestin_C
PF02755	RPEL
PF02758	PYRIN
PF02759	RUN
PF02760	HIN
PF02769	AIRS_C
PF02770	Acyl-CoA_dh_M
PF02771	Acyl-CoA_dh_N
PF02772	S-AdoMet_synt_M
PF02773	S-AdoMet_synt_C
PF02779	Transket_pyr
PF02780	Transketolase_C
PF02781	G6PD_C
PF02782	FGGY_C
PF02784	Orn_Arg_deC_N
PF02785	Biotin_carb_C
PF02786	CPSase_L_D2
PF02787	CPSase_L_D3
PF02789	Peptidase_M17_N
PF02790	COX2_TM
PF02792	Mago_nashi
PF02793	HRM
PF02798	GST_N
PF02800	Gp_dh_C
PF02801	Ketoacyl-synt_C
PF02803	Thiolase_C
PF02807	ATP-gua_PtransN
PF02812	ELFV_dehydrog_N
PF02815	MIR
PF02817	E3_binding
PF02818	PPAK
PF02820	MBT
PF02823	ATP-synt_DE_N
PF02824	TGS
PF02825	WWE
PF02826	2-Hacid_dh_C
PF02828	L27
PF02833	DHHA2
PF02840	Prp18
PF02841	GBP_C
PF02843	GARS_C
PF02844	GARS_N
PF02845	CUE
PF02847	MA3
PF02852	Pyr_redox_dim
PF02854	MIF4G
PF02864	STAT_bind
PF02865	STAT_int
PF02866	Ldh_1_C
PF02867	Ribonuc_red_lgC
PF02872	5_nucleotid_C
PF02874	ATP-synt_ab_N
PF02877	PARP_reg
PF02878	PGM_PMM_I
PF02879	PGM_PMM_II
PF02880	PGM_PMM_III
PF02881	SRP54_N
PF02882	THF_DHG_CYH_C
PF02883	Alpha_adaptinC2
PF02887	PK_C
PF02889	Sec63
PF02891	zf-MIZ
PF02893	GRAM
PF02902	Peptidase_C48
PF02906	Fe_hyd_lg_C
PF02910	Succ_DH_flav_C
PF02911	Formyl_trans_C
PF02919	Topoisom_I_N
PF02921	UCR_TM
PF02926	THUMP
PF02928	zf-C5HC2
PF02931	Neur_chan_LBD
PF02932	Neur_chan_memb
PF02933	CDC48_2
PF02936	COX4
PF02937	COX6C
PF02938	GAD
PF02946	GTF2I
PF02953	zf-Tim10_DDP
PF02961	BAF
PF02966	DIM1
PF02970	TBCA
PF02971	FTCD
PF02978	SRP_SPB
PF02984	Cyclin_C
PF02985	HEAT
PF02991	ATG8
PF02994	Transposase_22
PF02996	Prefoldin
PF03002	Somatostatin
PF03006	HlyIII
PF03009	GDPD
PF03015	Sterile
PF03020	LEM
PF03024	Folate_rec
PF03028	Dynein_heavy
PF03031	NIF
PF03061	4HBT
PF03062	MBOAT
PF03066	Nucleoplasmin
PF03068	PAD
PF03073	TspO_MBR
PF03074	GCS
PF03079	ARD
PF03081	Exo70
PF03095	PTPA
PF03096	Ndr
PF03097	BRO1
PF03098	An_peroxidase
PF03104	DNA_pol_B_exo1
PF03114	BAR
PF03127	GAT
PF03129	HGTP_anticodon
PF03131	bZIP_Maf
PF03133	TTL
PF03134	TB2_DP1_HVA22
PF03143	GTP_EFTU_D3
PF03144	GTP_EFTU_D2
PF03148	Tektin
PF03152	UFD1
PF03159	XRN_N
PF03160	Calx-beta
PF03165	MH1
PF03166	MH2
PF03171	2OG-FeII_Oxy
PF03172	HSR
PF03177	Nucleoporin_C
PF03178	CPSF_A
PF03179	V-ATPase_G
PF03184	DDE_1
PF03188	Cytochrom_B561
PF03194	LUC7
PF03200	Glyco_hydro_63
PF03208	PRA1
PF03221	HTH_Tnp_Tc5
PF03223	V-ATPase_C
PF03224	V-ATPase_H_N
PF03226	Yippee-Mis18
PF03234	CDC37_N
PF03247	Prothymosin
PF03250	Tropomodulin
PF03256	ANAPC10
PF03259	Robl_LC7
PF03266	NTPase_1
PF03271	EB1
PF03281	Mab-21
PF03285	Paralemmin
PF03291	Pox_MCEL
PF03297	Ribosomal_S25
PF03343	SART-1
PF03344	Daxx
PF03345	DDOST_48kD
PF03357	Snf7
PF03359	GKAP
PF03360	Glyco_transf_43
PF03364	Polyketide_cyc
PF03366	YEATS
PF03368	Dicer_dimer
PF03370	CBM_21
PF03371	PRP38
PF03372	Exo_endo_phos
PF03378	CAS_CSE1
PF03388	Lectin_leg-like
PF03398	Ist1
PF03399	SAC3_GANP
PF03435	Sacchrp_dh_NADP
PF03446	NAD_binding_2
PF03450	CO_deh_flav_C
PF03453	MoeA_N
PF03454	MoeA_C
PF03455	dDENN
PF03456	uDENN
PF03463	eRF1_1
PF03464	eRF1_2
PF03465	eRF1_3
PF03467	Smg4_UPF3
PF03473	MOSC
PF03476	MOSC_N
PF03477	ATP-cone
PF03483	B3_4
PF03484	B5
PF03485	Arg_tRNA_synt_N
PF03491	5HT_transport_N
PF03494	Beta-APP
PF03501	S10_plectin
PF03511	Fanconi_A
PF03516	Filaggrin
PF03517	Voldacs
PF03520	KCNQ_channel
PF03521	Kv2channel
PF03522	SLC12
PF03531	SSrecog
PF03535	Paxillin
PF03542	Tuberin
PF03546	Treacle
PF03556	Cullin_binding
PF03568	Peptidase_C50
PF03577	Peptidase_C69
PF03587	EMG1
PF03604	DNA_RNApol_7kD
PF03607	DCX
PF03623	Focal_AT
PF03630	Fumble
PF03635	Vps35
PF03637	Mob1_phocein
PF03656	Pam16
PF03657	UPF0113
PF03660	PHF5
PF03661	TMEM33_Pom33
PF03676	UPF0183
PF03700	Sorting_nexin
PF03715	Noc2
PF03719	Ribosomal_S5_C
PF03725	RNase_PH_C
PF03726	PNPase
PF03727	Hexokinase_2
PF03730	Ku_C
PF03731	Ku_N
PF03736	EPTP
PF03764	EFG_IV
PF03770	IPK
PF03781	FGE-sulfatase
PF03798	TRAM_LAG1_CLN8
PF03800	Nuf2
PF03801	Ndc80_HEC
PF03807	F420_oxidored
PF03810	IBN_N
PF03813	Nrap
PF03815	LCCL
PF03820	SFXNs
PF03826	OAR
PF03828	PAP_assoc
PF03832	WSK
PF03835	Rad4
PF03836	RasGAP_C
PF03847	TFIID_20kDa
PF03849	Tfb2
PF03853	YjeF_N
PF03868	Ribosomal_L6e_N
PF03870	RNA_pol_Rpb8
PF03871	RNA_pol_Rpb5_N
PF03874	RNA_pol_Rpb4
PF03876	SHS2_Rpb7-N
PF03878	YIF1
PF03879	Cgr1
PF03881	Fructosamin_kin
PF03896	TRAP_alpha
PF03909	BSD
PF03911	Sec61_beta
PF03914	CBF
PF03915	AIP3
PF03920	TLE_N
PF03921	ICAM_N
PF03931	Skp1_POZ
PF03932	CutC
PF03937	Sdh5
PF03939	Ribosomal_L23eN
PF03941	INCENP_ARK-bind
PF03942	DTW
PF03943	TAP_C
PF03946	Ribosomal_L11_N
PF03947	Ribosomal_L2_C
PF03949	Malic_M
PF03950	tRNA-synt_1c_C
PF03951	Gln-synt_N
PF03952	Enolase_N
PF03953	Tubulin_C
PF03957	Jun
PF03966	Trm112p
PF03981	Ubiq_cyt_C_chap
PF03985	Paf1
PF03987	Autophagy_act_C
PF03998	Utp11
PF03999	MAP65_ASE1
PF04000	Sas10_Utp3
PF04003	Utp12
PF04004	Leo1
PF04006	Mpp10
PF04031	Las1
PF04032	Rpr2
PF04037	DUF382
PF04042	DNA_pol_E_B
PF04045	P34-Arc
PF04046	PSP
PF04048	Sec8_exocyst
PF04049	ANAPC8
PF04050	Upf2
PF04051	TRAPP
PF04053	Coatomer_WDAD
PF04054	Not1
PF04055	Radical_SAM
PF04056	Ssl1
PF04057	Rep-A_N
PF04061	ORMDL
PF04062	P21-Arc
PF04065	Not3
PF04068	RLI
PF04078	Rcd1
PF04084	ORC2
PF04086	SRP-alpha_N
PF04088	Peroxin-13_N
PF04091	Sec15
PF04096	Nucleoporin2
PF04097	Nic96
PF04100	Vps53_N
PF04101	Glyco_tran_28_C
PF04103	CD20
PF04113	Gpi16
PF04116	FA_hydroxylase
PF04121	Nup84_Nup100
PF04127	DFP
PF04129	Vps52
PF04130	GCP_C_terminal
PF04135	Nop10p
PF04136	Sec34
PF04139	Rad9
PF04144	SCAMP
PF04146	YTH
PF04147	Nop14
PF04152	Mre11_DNA_bind
PF04153	NOT2_3_5
PF04158	Sof1
PF04176	TIP41
PF04181	RPAP2_Rtr1
PF04182	B-block_TFIIIC
PF04184	ST7
PF04189	Gcd10p
PF04190	GET4
PF04192	Utp21
PF04193	PQ-loop
PF04201	TPD52
PF04212	MIT
PF04218	CENP-B_N
PF04241	DUF423
PF04266	ASCH
PF04275	P-mevalo_kinase
PF04280	Tim44
PF04281	Tom22
PF04300	FBA
PF04321	RmlD_sub_bind
PF04382	SAB
PF04387	PTPLA
PF04388	Hamartin
PF04389	Peptidase_M28
PF04408	HA2
PF04410	Gar1
PF04419	4F5
PF04423	Rad50_zn_hook
PF04427	Brix
PF04433	SWIRM
PF04434	SWIM
PF04437	RINT1_TIP1
PF04438	zf-HIT
PF04440	Dysbindin
PF04457	MJ1316
PF04493	Endonuclease_5
PF04499	SAPS
PF04502	Saf4_Yju2
PF04505	CD225
PF04516	CP2
PF04538	BEX
PF04547	Anoctamin
PF04548	AIG1
PF04553	Tis11B_N
PF04557	tRNA_synt_1c_R2
PF04558	tRNA_synt_1c_R1
PF04560	RNA_pol_Rpb2_7
PF04561	RNA_pol_Rpb2_2
PF04563	RNA_pol_Rpb2_1
PF04564	U-box
PF04565	RNA_pol_Rpb2_3
PF04566	RNA_pol_Rpb2_4
PF04567	RNA_pol_Rpb2_5
PF04568	IATP
PF04587	ADP_PFK_GK
PF04588	HIG_1_N
PF04597	Ribophorin_I
PF04598	Gasdermin
PF04615	Utp14
PF04617	Hox9_act
PF04621	ETS_PEA3_N
PF04622	ERG2_Sigma1R
PF04629	ICA69
PF04636	PA26
PF04641	Rtf2
PF04652	Vta1
PF04667	Endosulfine
PF04669	Polysacc_synt_4
PF04670	Gtr1_RagA
PF04675	DNA_ligase_A_N
PF04678	MCU
PF04679	DNA_ligase_A_C
PF04683	Proteasom_Rpn13
PF04695	Pex14_N
PF04696	Pinin_SDK_memA
PF04697	Pinin_SDK_N
PF04698	Rab_eff_C
PF04699	P16-Arc
PF04704	Zfx_Zfy_act
PF04710	Pellino
PF04716	ETC_C1_NDUFA5
PF04718	ATP-synt_G
PF04727	ELMO_CED12
PF04729	ASF1_hist_chap
PF04732	Filament_head
PF04750	Far-17a_AIG1
PF04756	OST3_OST6
PF04757	Pex2_Pex12
PF04758	Ribosomal_S30
PF04762	IKI3
PF04774	HABP4_PAI-RBP1
PF04790	Sarcoglycan_1
PF04795	PAPA-1
PF04799	Fzo_mitofusin
PF04803	Cor1
PF04810	zf-Sec23_Sec24
PF04811	Sec23_trunk
PF04812	HNF-1B_C
PF04813	HNF-1A_C
PF04814	HNF-1_N
PF04815	Sec23_helical
PF04818	CID
PF04824	Rad21_Rec8
PF04825	Rad21_Rec8_N
PF04826	Arm_2
PF04831	Popeye
PF04840	Vps16_C
PF04841	Vps16_N
PF04845	PurA
PF04847	Calcipressin
PF04849	HAP1_N
PF04855	SNF5
PF04856	Securin
PF04857	CAF1
PF04858	TH1
PF04869	Uso1_p115_head
PF04871	Uso1_p115_C
PF04874	Mak16
PF04880	NUDE_C
PF04884	UVB_sens_prot
PF04889	Cwf_Cwc_15
PF04900	Fcf1
PF04904	NCD1
PF04905	NCD2
PF04910	Tcf25
PF04912	Dynamitin
PF04921	XAP5
PF04923	Ninjurin
PF04931	DNA_pol_phi
PF04934	Med6
PF04935	SURF6
PF04938	SIP1
PF04939	RRS1
PF04949	Transcrip_act
PF04950	RIBIOP_C
PF04959	ARS2
PF04960	Glutaminase
PF04961	FTCD_C
PF04968	CHORD
PF04969	CS
PF04970	LRAT
PF04979	IPP-2
PF04981	NMD3
PF04983	RNA_pol_Rpb1_3
PF04988	AKAP95
PF04990	RNA_pol_Rpb1_7
PF04992	RNA_pol_Rpb1_6
PF04997	RNA_pol_Rpb1_1
PF04998	RNA_pol_Rpb1_5
PF05000	RNA_pol_Rpb1_4
PF05001	RNA_pol_Rpb1_R
PF05002	SGS
PF05005	Ocnus
PF05010	TACC_C
PF05011	DBR1
PF05018	DUF667
PF05022	SRP40_C
PF05026	DCP2
PF05028	PARG_cat
PF05030	SSXT
PF05033	Pre-SET
PF05038	Cytochrom_B558a
PF05044	HPD
PF05047	L51_S25_CI-B8
PF05051	COX17
PF05063	MT-A70
PF05066	HARE-HTH
PF05071	NDUFA12
PF05090	VKG_Carbox
PF05091	eIF-3_zeta
PF05104	Rib_recp_KP_reg
PF05110	AF-4
PF05118	Asp_Arg_Hydrox
PF05127	Helicase_RecD
PF05131	Pep3_Vps18
PF05147	LANC_like
PF05148	Methyltransf_8
PF05154	TM2
PF05168	HEPN
PF05175	MTS
PF05178	Kri1
PF05179	CDC73_C
PF05182	Fip1
PF05185	PRMT5
PF05186	Dpy-30
PF05188	MutS_II
PF05189	RTC_insert
PF05190	MutS_IV
PF05191	ADK_lid
PF05192	MutS_III
PF05193	Peptidase_M16_C
PF05195	AMP_N
PF05210	Sprouty
PF05221	AdoHcyase
PF05222	AlaDh_PNT_N
PF05224	NDT80_PhoG
PF05236	TAF4
PF05240	APOBEC_C
PF05241	EBP
PF05253	zf-U11-48K
PF05255	UPF0220
PF05276	SH3BP5
PF05279	Asp-B-Hydro_N
PF05285	SDA1
PF05291	Bystin
PF05296	TAS2R
PF05300	MIC19_MIC25
PF05301	Acetyltransf_16
PF05303	DUF727
PF05308	Mito_fiss_reg
PF05326	SVA
PF05327	RRN3
PF05347	Complex1_LYR
PF05351	GMP_PDE_delta
PF05361	PP1_inhibitor
PF05362	Lon_C
PF05378	Hydant_A_N
PF05383	La
PF05391	Lsm_interact
PF05395	DARPP-32
PF05405	Mt_ATP-synt_B
PF05406	WGR
PF05422	SIN1
PF05427	FIBP
PF05439	JTB
PF05456	eIF_4EBP
PF05460	ORC6
PF05461	ApoL
PF05466	BASP1
PF05470	eIF-3c_N
PF05477	SURF2
PF05485	THAP
PF05486	SRP9-21
PF05493	ATP_synt_H
PF05502	Dynactin_p62
PF05517	p25-alpha
PF05536	Neurochondrin
PF05557	MAD
PF05600	DUF773
PF05602	CLPTM1
PF05604	DUF776
PF05605	zf-Di19
PF05615	THOC7
PF05622	HOOK
PF05641	Agenet
PF05644	Miff
PF05648	PEX11
PF05649	Peptidase_M13_N
PF05667	DUF812
PF05672	MAP7
PF05676	NDUF_B7
PF05680	ATP-synt_E
PF05694	SBP56
PF05700	BCAS2
PF05706	CDKN3
PF05712	MRG
PF05715	zf-piccolo
PF05721	PhyH
PF05731	TROVE
PF05739	SNARE
PF05743	UEV
PF05746	DALR_1
PF05760	IER
PF05761	5_nucleotid
PF05773	RWD
PF05778	Apo-CIII
PF05783	DLIC
PF05786	Cnd2
PF05790	C2-set
PF05793	TFIIF_alpha
PF05794	Tcp11
PF05811	DUF842
PF05817	Ribophorin_II
PF05821	NDUF_B8
PF05826	Phospholip_A2_2
PF05827	ATP-synt_S1
PF05831	GAGE
PF05832	DUF846
PF05837	CENP-H
PF05843	Suf
PF05856	ARPC4
PF05873	Mt_ATP-synt_D
PF05881	CNPase
PF05890	Ebp2
PF05891	Methyltransf_PK
PF05902	4_1_CTD
PF05915	TMEM_230_134
PF05918	API5
PF05920	Homeobox_KN
PF05923	APC_r
PF05924	SAMP
PF05937	EB1_binding
PF05956	APC_basic
PF05964	FYRN
PF05965	FYRC
PF05972	APC_15aa
PF05986	ADAM_spacer1
PF05994	FragX_IP
PF05997	Nop52
PF06001	DUF902
PF06003	SMN
PF06012	DUF908
PF06017	Myosin_TH1
PF06025	DUF913
PF06027	SLC35F
PF06031	SERTA
PF06046	Sec6
PF06047	Nkap_C
PF06058	DCP1
PF06068	TIP49
PF06071	YchF-GTPase_C
PF06090	Ins_P5_2-kin
PF06094	GGACT
PF06098	Radial_spoke_3
PF06102	RRP36
PF06110	DUF953
PF06140	Ifi-6-16
PF06189	5-nucleotidase
PF06201	PITH
PF06202	GDE_C
PF06211	BAMBI
PF06220	zf-U1
PF06221	zf-C2HC5
PF06229	FRG1
PF06244	Ccdc124
PF06246	Isy1
PF06268	Fascin
PF06278	CNDH2_N
PF06292	MUN
PF06293	Kdo
PF06297	PET
PF06311	NumbF
PF06325	PrmA
PF06337	DUSP
PF06346	Drf_FH1
PF06350	HSL_N
PF06367	Drf_FH3
PF06371	Drf_GBD
PF06372	Gemin6
PF06375	AP3D1
PF06417	DUF1077
PF06418	CTP_synth_N
PF06424	PRP1_N
PF06456	Arfaptin
PF06459	RR_TM4-6
PF06461	DUF1086
PF06464	DMAP_binding
PF06465	DUF1087
PF06467	zf-FCS
PF06468	Spond_N
PF06469	DUF1088
PF06470	SMC_hinge
PF06472	ABC_membrane_2
PF06479	Ribonuc_2-5A
PF06480	FtsH_ext
PF06484	Ten_N
PF06487	SAP18
PF06512	Na_trans_assoc
PF06522	B12D
PF06524	NOA36
PF06540	GMAP
PF06544	DUF1115
PF06546	Vert_HS_TF
PF06565	DUF1126
PF06581	p31comet
PF06583	Neogenin_C
PF06602	Myotub-related
PF06614	Neuromodulin
PF06617	M-inducer_phosp
PF06621	SIM_C
PF06623	MHC_I_C
PF06625	DUF1151
PF06631	DUF1154
PF06657	Cep57_MT_bd
PF06677	Auto_anti-p27
PF06701	MIB_HERC2
PF06703	SPC25
PF06726	BC10
PF06732	Pescadillo_N
PF06733	DEAD_2
PF06741	LsmAD
PF06743	FAST_1
PF06747	CHCH
PF06758	Olduvai
PF06762	LMF1
PF06777	HBB
PF06814	Lung_7-TM_R
PF06816	NOD
PF06818	Fez1
PF06839	zf-GRF
PF06858	NOG1
PF06862	UTP25
PF06870	RNA_pol_I_A49
PF06881	Elongin_A
PF06883	RNA_pol_Rpa2_4
PF06911	Senescence
PF06920	DHR-2
PF06957	COPI_C
PF06959	RecQ5
PF06978	POP1
PF06979	TMEM70
PF06984	MRP-L47
PF06991	MFAP1
PF07001	BAT2_N
PF07002	Copine
PF07034	ORC3_N
PF07039	DUF1325
PF07052	Hep_59
PF07078	FYTT
PF07086	Jagunal
PF07106	TBPIP
PF07111	HCR
PF07114	TMEM126
PF07139	DUF1387
PF07142	DUF1388
PF07145	PAM2
PF07159	DUF1394
PF07177	Neuralized
PF07189	SF3b10
PF07202	Tcp10_C
PF07258	COMM_domain
PF07286	DUF1445
PF07289	BBL5
PF07303	Occludin_ELL
PF07326	RCS1
PF07347	CI-B14_5a
PF07392	P19Arf_N
PF07393	Sec10
PF07412	Geminin
PF07426	Dynactin_p22
PF07458	SPAN-X
PF07469	DUF1518
PF07491	PPI_Ypi1
PF07496	zf-CW
PF07500	TFIIS_M
PF07521	RMMBL
PF07522	DRMBL
PF07525	SOCS_box
PF07527	Hairy_orange
PF07528	DZF
PF07529	HSA
PF07531	TAFH
PF07533	BRK
PF07534	TLD
PF07539	DRIM
PF07540	NOC3p
PF07541	EIF_2_alpha
PF07545	Vg_Tdu
PF07546	EMI
PF07557	Shugoshin_C
PF07558	Shugoshin_N
PF07562	NCD3G
PF07565	Band_3_cyto
PF07569	Hira
PF07574	SMC_Nse1
PF07575	Nucleopor_Nup85
PF07593	UnbV_ASPIC
PF07645	EGF_CA
PF07646	Kelch_2
PF07647	SAM_2
PF07650	KH_2
PF07651	ANTH
PF07653	SH3_2
PF07654	C1-set
PF07677	A2M_recep
PF07678	TED_complement
PF07684	NODP
PF07686	V-set
PF07687	M20_dimer
PF07699	Ephrin_rec_like
PF07703	A2M_BRD
PF07707	BACK
PF07710	P53_tetramer
PF07713	DUF1604
PF07716	bZIP_2
PF07717	OB_NTP_bind
PF07718	Coatamer_beta_C
PF07731	Cu-oxidase_2
PF07732	Cu-oxidase_3
PF07738	Sad1_UNC
PF07741	BRF1
PF07742	BTG
PF07744	SPOC
PF07749	ERp29
PF07763	FEZ
PF07766	LETM1
PF07767	Nop53
PF07774	EMC1_C
PF07776	zf-AD
PF07780	Spb1_C
PF07787	TMEM43
PF07807	RED_C
PF07808	RED_N
PF07809	RTP801_C
PF07815	Abi_HHR
PF07817	GLE1
PF07818	HCNGP
PF07830	PP2C_C
PF07834	RanGAP1_C
PF07837	FTCD_N
PF07842	GCFC
PF07851	TMPIT
PF07859	Abhydrolase_3
PF07884	VKOR
PF07888	CALCOCO1
PF07890	Rrp15p
PF07894	FAM83
PF07912	ERp29_N
PF07926	TPR_MLP1_2
PF07934	OGG_N
PF07965	Integrin_B_tail
PF07967	zf-C3HC
PF07970	COPIIcoated_ERV
PF07973	tRNA_SAD
PF07974	EGF_2
PF07975	C1_4
PF07978	NIPSNAP
PF07986	TBCC
PF07988	LMSTEN
PF07989	Cnn_1N
PF07993	NAD_binding_4
PF07994	NAD_binding_5
PF07995	GSDH
PF08005	PHR
PF08007	Cupin_4
PF08016	PKD_channel
PF08022	FAD_binding_8
PF08030	NAD_binding_6
PF08032	SpoU_sub_bind
PF08033	Sec23_BS
PF08039	Mit_proteolip
PF08043	Xin
PF08059	SEP
PF08061	P68HR
PF08062	P120R
PF08063	PADR1
PF08064	UME
PF08065	KI67R
PF08066	PMC2NT
PF08067	ROKNT
PF08068	DKCLD
PF08069	Ribosomal_S13_N
PF08070	DTHCT
PF08071	RS4NT
PF08072	BDHCT
PF08073	CHDNT
PF08074	CHDCT2
PF08075	NOPS
PF08079	Ribosomal_L30_N
PF08080	zf-RNPHF
PF08081	RBM1CTR
PF08082	PRO8NT
PF08083	PROCN
PF08084	PROCT
PF08127	Propeptide_C1
PF08142	AARP2CN
PF08143	CBFNT
PF08144	CPL
PF08145	BOP1NT
PF08146	BP28CT
PF08147	DBP10CT
PF08148	DSHCT
PF08149	BING4CT
PF08152	GUCT
PF08153	NGP1NT
PF08154	NLE
PF08155	NOGCT
PF08156	NOP5NT
PF08157	NUC129
PF08158	NUC130_3NT
PF08159	NUC153
PF08161	NUC173
PF08163	NUC194
PF08164	TRAUB
PF08166	NUC202
PF08167	RIX1
PF08168	NUC205
PF08170	POPLD
PF08174	Anillin
PF08198	Thymopoietin
PF08202	MIS13
PF08205	C2-set_2
PF08208	RNA_polI_A34
PF08210	APOBEC_N
PF08214	HAT_KAT11
PF08216	CTNNBL
PF08231	SYF2
PF08232	Striatin
PF08239	SH3_3
PF08240	ADH_N
PF08242	Methyltransf_12
PF08243	SPT2
PF08246	Inhibitor_I29
PF08264	Anticodon_1
PF08265	YL1_C
PF08266	Cadherin_2
PF08271	TF_Zn_Ribbon
PF08282	Hydrolase_3
PF08284	RVP_2
PF08286	Spc24
PF08288	PIGA
PF08295	Sin3_corepress
PF08311	Mad3_BUB1_I
PF08312	cwf21
PF08313	SCA7
PF08314	Sec39
PF08315	cwf18
PF08321	PPP5
PF08324	PUL
PF08326	ACC_central
PF08327	AHSA1
PF08332	CaMKII_AD
PF08337	Plexin_cytopl
PF08357	SEFIR
PF08368	FAST_2
PF08373	RAP
PF08383	Maf_N
PF08385	DHC_N1
PF08389	Xpo1
PF08390	TRAM1
PF08393	DHC_N2
PF08423	Rad51
PF08429	PLU-1
PF08430	Forkhead_N
PF08433	KTI12
PF08442	ATP-grasp_2
PF08443	RimK
PF08447	PAS_3
PF08473	VGCC_alpha2
PF08477	Roc
PF08490	DUF1744
PF08492	SRP72
PF08506	Cse1
PF08512	Rtt106
PF08513	LisH
PF08514	STAG
PF08515	TGF_beta_GS
PF08516	ADAM_CR
PF08519	RFC1
PF08524	rRNA_processing
PF08526	PAD_N
PF08527	PAD_M
PF08534	Redoxin
PF08539	HbrB
PF08542	Rep_fac_C
PF08543	Phos_pyr_kin
PF08544	GHMP_kinases_C
PF08555	FAM32A
PF08557	Lipid_DES
PF08558	TRF
PF08563	P53_TAD
PF08564	CDC37_C
PF08565	CDC37_M
PF08567	PH_TFIIH
PF08569	Mo25
PF08572	PRP3
PF08573	SAE2
PF08577	PI31_Prot_C
PF08583	Cmc1
PF08584	Ribonuc_P_40
PF08585	RMI1_N
PF08590	DUF1771
PF08596	Lgl_C
PF08597	eIF3_subunit
PF08599	Nbs1_C
PF08600	Rsm1
PF08603	CAP_C
PF08604	Nup153
PF08606	Prp19
PF08608	Wyosine_form
PF08609	Fes1
PF08610	Pex16
PF08623	TIP120
PF08625	Utp13
PF08626	TRAPPC9-Trs120
PF08640	U3_assoc_6
PF08644	SPT16
PF08645	PNK3P
PF08646	Rep_fac-A_C
PF08648	SNRNP27
PF08660	Alg14
PF08661	Rep_fac-A_3
PF08662	eIF2A
PF08675	RNA_bind
PF08676	MutL_C
PF08683	CAMSAP_CKK
PF08686	PLAC
PF08698	Fcf2
PF08699	ArgoL1
PF08700	Vps51
PF08701	GN3L_Grn1
PF08702	Fib_alpha
PF08703	PLC-beta_C
PF08704	GCD14
PF08709	Ins145_P3_rec
PF08711	Med26
PF08725	Integrin_b_cyt
PF08726	EFhand_Ca_insen
PF08736	FA
PF08740	BCS1_N
PF08743	Nse4_C
PF08746	zf-RING-like
PF08752	COP-gamma_platf
PF08758	Cadherin_pro
PF08766	DEK_C
PF08767	CRM1_C
PF08771	FRB_dom
PF08772	NOB1_Zn_bind
PF08773	CathepsinC_exc
PF08776	VASP_tetra
PF08777	RRM_3
PF08778	HIF-1a_CTAD
PF08783	DWNN
PF08784	RPA_C
PF08785	Ku_PK_bind
PF08790	zf-LYAR
PF08797	HIRAN
PF08799	PRP4
PF08801	Nucleoporin_N
PF08815	Nuc_rec_co-act
PF08824	Serine_rich
PF08826	DMPK_coil
PF08832	SRC-1
PF08833	Axin_b-cat_bind
PF08839	CDT1
PF08880	QLQ
PF08911	NUP50
PF08912	Rho_Binding
PF08914	Myb_DNA-bind_2
PF08916	Phe_ZIP
PF08919	F_actin_bind
PF08920	SF3b1
PF08925	DUF1907
PF08926	DUF1908
PF08934	Rb_C
PF08939	DUF1917
PF08947	BPS
PF08952	DUF1866
PF08953	DUF1899
PF08954	Trimer_CC
PF08976	EF-hand_11
PF09005	DUF1897
PF09007	EBP50_C
PF09011	HMG_box_2
PF09026	CENP-B_dimeris
PF09027	GTPase_binding
PF09030	Creb_binding
PF09032	Siah-Interact_N
PF09034	TRADD_N
PF09036	Bcr-Abl_Oligo
PF09038	53-BP1_Tudor
PF09040	H-K_ATPase_N
PF09042	Titin_Z
PF09058	L27_1
PF09060	L27_N
PF09066	B2-adapt-app_C
PF09068	EF-hand_2
PF09069	EF-hand_3
PF09070	PFU
PF09072	TMA7
PF09073	BUD22
PF09079	Cdc6_C
PF09088	MIF4G_like
PF09090	MIF4G_like_2
PF09103	BRCA-2_OB1
PF09104	BRCA-2_OB3
PF09110	HAND
PF09111	SLIDE
PF09121	Tower
PF09127	Leuk-A4-hydro_C
PF09128	RGS-like
PF09133	SANTA
PF09139	Tam41_Mmp37
PF09162	Tap-RNA_bind
PF09165	Ubiq-Cytc-red_N
PF09169	BRCA-2_helical
PF09173	eIF2_C
PF09174	Maf1
PF09180	ProRS-C_1
PF09184	PPP4R2
PF09229	Aha1_N
PF09230	DFF40
PF09247	TBP-binding
PF09262	PEX-1N
PF09263	PEX-2N
PF09268	Clathrin-link
PF09279	EF-hand_like
PF09280	XPC-binding
PF09282	Mago-bind
PF09286	Pro-kuma_activ
PF09292	Neil1-DNA_bind
PF09302	XLF
PF09309	FCP1_C
PF09310	PD-C2-AF1
PF09316	Cmyb_C
PF09320	DUF1977
PF09324	DUF1981
PF09325	Vps5
PF09326	NADH_dhqG_C
PF09329	zf-primase
PF09332	Mcm10
PF09334	tRNA-synt_1g
PF09336	Vps4_C
PF09340	NuA4
PF09354	HNF_C
PF09358	E1_UFD
PF09360	zf-CDGSH
PF09368	Sas10
PF09377	SBDS_C
PF09379	FERM_N
PF09380	FERM_C
PF09382	RQC
PF09384	UTP15_C
PF09387	MRP
PF09398	FOP_dimer
PF09402	MSC
PF09405	Btz
PF09409	PUB
PF09416	UPF1_Zn_bind
PF09420	Nop16
PF09422	WTX
PF09429	Wbp11
PF09430	DUF2012
PF09431	DUF2013
PF09439	SRPRB
PF09440	eIF3_N
PF09443	CFC
PF09445	Methyltransf_15
PF09454	Vps23_core
PF09457	RBD-FIP
PF09465	LBR_tudor
PF09470	Telethonin
PF09495	DUF2462
PF09497	Med12
PF09514	SSXRD
PF09532	FDF
PF09596	MamL-1
PF09631	Sen15
PF09668	Asp_protease
PF09725	Fra10Ac1
PF09727	CortBP2
PF09728	Taxilin
PF09730	BicD
PF09731	Mitofilin
PF09732	CactinC_cactus
PF09733	VEFS-Box
PF09735	Nckap1
PF09736	Bud13
PF09738	LRRFIP
PF09740	DUF2043
PF09743	E3_UFM1_ligase
PF09744	Jnk-SapK_ap_N
PF09745	DUF2040
PF09748	Med10
PF09751	Es2
PF09753	Use1
PF09754	PAC2
PF09756	DDRGK
PF09759	Atx10homo_assoc
PF09762	CCDC93_CC
PF09763	Sec3_C
PF09766	FmiP_Thoc5
PF09769	ApoO
PF09770	PAT1
PF09774	Cid2
PF09779	Ima1_N
PF09781	NDUF_B5
PF09782	NDUF_B6
PF09785	Prp31_C
PF09789	DUF2353
PF09793	AD
PF09805	Nop25
PF09807	ELP6
PF09808	SNAPC1
PF09812	MRP-L28
PF09816	EAF
PF10018	Med4
PF10036	RLL
PF10037	MRP-S27
PF10046	BLOC1_2
PF10075	CSN8_PSD8_EIF3K
PF10155	CNOT11
PF10159	MMtag
PF10162	G8
PF10163	EnY2
PF10165	Ric8
PF10166	DUF2368
PF10168	Nup88
PF10169	Laps
PF10171	Tim29
PF10172	DDA1
PF10174	Cast
PF10175	MPP6
PF10177	DUF2371
PF10179	NDNF
PF10180	WKF
PF10187	FAM192A_Fyv6_N
PF10188	Oscp1
PF10189	Ints3_N
PF10193	Telomere_reg-2
PF10198	Ada3
PF10205	KLRAQ
PF10212	TTKRSYEDQ
PF10217	DUF2039
PF10226	CCDC85
PF10235	Cript
PF10239	DUF2465
PF10240	DUF2464
PF10241	KxDL
PF10242	L_HMGIC_fpl
PF10245	MRP-S22
PF10246	MRP-S35
PF10248	Mlf1IP
PF10249	NDUFB10
PF10252	PP28
PF10253	PRCC
PF10254	Pacs-1
PF10255	Paf67
PF10256	Erf4
PF10258	RNA_GG_bind
PF10259	Rogdi_lz
PF10262	Rdx
PF10264	Stork_head
PF10266	Strumpellin
PF10273	WGG
PF10276	zf-CHCC
PF10278	Med19
PF10283	zf-CCHH
PF10291	muHD
PF10294	Methyltransf_16
PF10309	NCBP3
PF10312	Cactin_mid
PF10343	Q_salvage
PF10357	Kin17_mid
PF10358	NT-C2
PF10366	Vps39_1
PF10367	Vps39_2
PF10373	EST1_DNA_bind
PF10374	EST1
PF10384	Scm3
PF10390	ELL
PF10392	COG5
PF10403	BHD_1
PF10404	BHD_2
PF10405	BHD_3
PF10408	Ufd2P_core
PF10409	PTEN_C2
PF10415	FumaraseC_C
PF10417	1-cysPrx_C
PF10421	OAS1_C
PF10427	Ago_hook
PF10433	MMS1_N
PF10436	BCDHK_Adom3
PF10441	Urb2
PF10444	Nbl1_Borealin_N
PF10447	EXOSC1
PF10453	NUFIP1
PF10456	BAR_3_WASP_bdg
PF10469	AKAP7_NLS
PF10470	AKAP7_RIRII_bdg
PF10473	CENP-F_leu_zip
PF10476	DUF2448
PF10477	EIF4E-T
PF10481	CENP-F_N
PF10482	CtIP_N
PF10486	PI3K_1B_p101
PF10487	Nup188
PF10490	CENP-F_C_Rb_bdg
PF10493	Rod_C
PF10495	PACT_coil_coil
PF10497	zf-4CXXC_R1
PF10500	SR-25
PF10509	GalKase_gal_bdg
PF10510	PIG-S
PF10512	Borealin
PF10513	EPL1
PF10515	APP_amyloid
PF10516	SHNi-TPR
PF10520	Lipid_desat
PF10522	RII_binding_1
PF10523	BEN
PF10524	NfI_DNAbd_pre-N
PF10525	Engrail_1_C_sig
PF10537	WAC_Acf1_DNA_bd
PF10541	KASH
PF10557	Cullin_Nedd8
PF10562	CaM_bdg_C0
PF10565	NMDAR2_C
PF10568	Tom37
PF10573	UPF0561
PF10577	UPF0560
PF10580	Neuromodulin_N
PF10581	Synapsin_N
PF10584	Proteasome_A_N
PF10585	UBA_e1_thiolCys
PF10587	EF-1_beta_acid
PF10588	NADH-G_4Fe-4S_3
PF10595	UPF0564
PF10596	U6-snRNA_bdg
PF10597	U5_2-snRNA_bdg
PF10598	RRM_4
PF10599	Nup_retrotrp_bd
PF10600	PDZ_assoc
PF10602	RPN7
PF10606	GluR_Homer-bdg
PF10607	CLTH
PF10608	MAGUK_N_PEST
PF10609	ParA
PF10613	Lig_chan-Glu_bd
PF10637	Ofd1_CTDD
PF10650	zf-C3H1
PF10660	MitoNEET_N
PF10744	Med1
PF10996	Beta-Casp
PF11029	DAZAP2
PF11035	SNAPC2
PF11095	Gemin7
PF11176	Tma16
PF11221	Med21
PF11262	Tho2
PF11365	SOGA
PF11404	Potassium_chann
PF11413	HIF-1
PF11414	Suppressor_APC
PF11416	Syntaxin-5_N
PF11461	RILP
PF11515	Cul7
PF11521	TFIIE-A_C
PF11531	CARM1
PF11532	HnRNP_M_NLS
PF11540	Dynein_IC2
PF11555	Inhibitor_Mig-6
PF11560	LAP2alpha
PF11566	PI31_Prot_N
PF11569	Homez
PF11571	Med27
PF11577	NEMO
PF11587	Prion_bPrPp
PF11600	CAF-1_p150
PF11608	Limkain-b1
PF11618	C2-C2_1
PF11626	Rap1_C
PF11627	HnRNPA1
PF11629	Mst1_SARAH
PF11635	Med16
PF11640	TAN
PF11648	RIG-I_C-RD
PF11698	V-ATPase_H_C
PF11699	CENP-C_C
PF11701	UNC45-central
PF11707	Npa1
PF11708	Slu7
PF11715	Nup160
PF11717	Tudor-knot
PF11718	CPSF73-100_C
PF11732	Thoc2
PF11764	N-SET
PF11781	zf-RRN7
PF11788	MRP-L46
PF11789	zf-Nse
PF11816	DUF3337
PF11822	DUF3342
PF11830	DUF3350
PF11831	Myb_Cef
PF11835	RRM_8
PF11838	ERAP1_C
PF11841	DUF3361
PF11851	DUF3371
PF11857	DUF3377
PF11861	DUF3381
PF11864	DUF3384
PF11865	DUF3385
PF11875	DUF3395
PF11878	DUF3398
PF11881	SPAR_C
PF11894	Nup192
PF11916	Vac14_Fig4_bd
PF11931	SF3a60_Prp9_C
PF11933	Na_trans_cytopl
PF11934	DUF3452
PF11935	SYMPK_PTA1_N
PF11938	DUF3456
PF11952	XTBD
PF11956	KCNQC3-Ank-G_bd
PF11957	efThoc1
PF11969	DcpS_C
PF11971	CAMSAP_CH
PF11976	Rad60-SLD
PF11977	RNase_Zc3h12a
PF11978	MVP_shoulder
PF11987	IF-2
PF12001	DUF3496
PF12004	DUF3498
PF12009	Telomerase_RBD
PF12012	DUF3504
PF12016	Stonin2_N
PF12024	DUF3512
PF12030	DUF3517
PF12031	BAF250_C
PF12037	DUF3523
PF12047	DNMT1-RFD
PF12052	VGCC_beta4Aa_N
PF12062	HSNSD
PF12063	DUF3543
PF12066	SERRATE_Ars2_N
PF12068	PH_RBD
PF12070	SCAI
PF12075	KN_motif
PF12090	Spt20
PF12108	SF3a60_bindingd
PF12109	CXCR4_N
PF12110	Nup96
PF12114	Period_C
PF12125	Beta-TrCP_D
PF12126	DUF3583
PF12129	Phtf-FEM1B_bdg
PF12130	DUF3585
PF12134	PRP8_domainIV
PF12140	SLED
PF12144	Med12-PQL
PF12145	Med12-LCEWAV
PF12148	TTD
PF12153	CAP18_C
PF12157	DUF3591
PF12162	STAT1_TAZ2bind
PF12171	zf-C2H2_jaz
PF12178	INCENP_N
PF12179	IKKbetaNEMObind
PF12180	EABR
PF12185	IR1-M
PF12188	STAT2_C
PF12196	hNIFK_binding
PF12202	OSR1_C
PF12203	HDAC4_Gln
PF12205	GIT1_C
PF12210	Hrs_helical
PF12220	U1snRNP70_N
PF12230	PRP21_like_P
PF12231	Rif1_N
PF12234	Rav1p_C
PF12235	FXMRP1_C_core
PF12240	Angiomotin_C
PF12251	SNAPC3
PF12253	CAF1A
PF12258	Microcephalin
PF12265	CAF1C_H4-bd
PF12269	CpG_bind_C
PF12284	HoxA13_N
PF12287	Caprin-1_C
PF12295	Symplekin_C
PF12308	Noelin-1
PF12310	Elf-1_N
PF12316	Dsh_C
PF12328	Rpp20
PF12333	Ipi1_N
PF12335	SBF2
PF12336	SOXp
PF12346	HJURP_mid
PF12347	HJURP_C
PF12348	CLASP_N
PF12352	V-SNARE_C
PF12353	eIF3g
PF12371	TMEM131_like_N
PF12372	DUF3652
PF12397	U3snoRNP10
PF12402	nlz1
PF12403	Pax2_C
PF12409	P5-ATPase
PF12413	DLL_N
PF12414	Fox-1_C
PF12422	Condensin2nSMC
PF12423	KIF1B
PF12424	ATP_Ca_trans_C
PF12436	USP7_ICP0_bdg
PF12440	MAGE_N
PF12444	Sox_N
PF12451	VPS11_C
PF12455	Dynactin
PF12456	hSac2
PF12457	TIP_N
PF12460	MMS19_C
PF12465	Pr_beta_C
PF12473	DUF3694
PF12474	PKK
PF12478	DUF3697
PF12480	DUF3699
PF12489	ARA70
PF12490	BCAS3
PF12496	BNIP2
PF12513	SUV3_C
PF12534	Pannexin_like
PF12540	DUF3736
PF12547	ATXN-1_C
PF12572	DUF3752
PF12576	DUF3754
PF12580	TPPII
PF12589	WBS_methylT
PF12605	CK1gamma_C
PF12612	TFCD_C
PF12619	MCM2_N
PF12643	MazG-like
PF12656	G-patch_2
PF12657	TFIIIC_delta
PF12660	zf-TFIIIC
PF12661	hEGF
PF12662	cEGF
PF12678	zf-rbx1
PF12697	Abhydrolase_6
PF12698	ABC2_membrane_3
PF12701	LSM14
PF12706	Lactamase_B_2
PF12717	Cnd1
PF12719	Cnd3
PF12721	RHIM
PF12738	PTCB-BRCT
PF12743	ESR1_C
PF12752	SUZ
PF12755	Vac14_Fab1_bd
PF12756	zf-C2H2_2
PF12763	EF-hand_4
PF12765	Cohesin_HEAT
PF12769	PNTB_4TM
PF12770	CHAT
PF12773	DZR
PF12774	AAA_6
PF12775	AAA_7
PF12777	MT
PF12780	AAA_8
PF12781	AAA_9
PF12783	Sec7_N
PF12796	Ank_2
PF12799	LRR_4
PF12810	Gly_rich
PF12816	Vps8
PF12820	BRCT_assoc
PF12830	Nipped-B_C
PF12838	Fer4_7
PF12842	DUF3819
PF12845	TBD
PF12848	ABC_tran_Xtn
PF12850	Metallophos_2
PF12859	ANAPC1
PF12861	zf-ANAPC11
PF12871	PRP38_assoc
PF12872	OST-HTH
PF12874	zf-met
PF12877	DUF3827
PF12894	ANAPC4_WD40
PF12901	SUZ-C
PF12922	Cnd1_N
PF12923	RRP7
PF12924	APP_Cu_bd
PF12925	APP_E2
PF12926	MOZART2
PF12931	Sec16_C
PF12932	Sec16
PF12933	FTO_NTD
PF12934	FTO_CTD
PF12936	Kri1_C
PF12937	F-box-like
PF12938	M_domain
PF13001	Ecm29
PF13012	MitMem_reg
PF13017	Maelstrom
PF13019	Sde2_N_Ubi
PF13023	HD_3
PF13085	Fer2_3
PF13086	AAA_11
PF13087	AAA_12
PF13088	BNR_2
PF13096	CENP-P
PF13097	CENP-U
PF13174	TPR_6
PF13176	TPR_7
PF13177	DNA_pol3_delta2
PF13181	TPR_8
PF13202	EF-hand_5
PF13229	Beta_helix
PF13234	rRNA_proc-arch
PF13242	Hydrolase_like
PF13246	Cation_ATPase
PF13279	4HBT_2
PF13281	MAP3K_TRAF_bd
PF13287	Fn3_assoc
PF13289	SIR2_2
PF13297	SDE2_2C
PF13299	CPSF100_C
PF13306	LRR_5
PF13307	Helicase_C_2
PF13325	MCRS_N
PF13328	HD_4
PF13339	AATF-Che1
PF13344	Hydrolase_6
PF13353	Fer4_12
PF13360	PQQ_2
PF13365	Trypsin_2
PF13374	TPR_10
PF13385	Laminin_G_3
PF13393	tRNA-synt_His
PF13405	EF-hand_6
PF13409	GST_N_2
PF13410	GST_C_2
PF13414	TPR_11
PF13415	Kelch_3
PF13417	GST_N_3
PF13418	Kelch_4
PF13419	HAD_2
PF13423	UCH_1
PF13424	TPR_12
PF13432	TPR_16
PF13445	zf-RING_UBOX
PF13450	NAD_binding_8
PF13460	NAD_binding_10
PF13465	zf-H2C2_2
PF13472	Lipase_GDSL_2
PF13476	AAA_23
PF13481	AAA_25
PF13489	Methyltransf_23
PF13499	EF-hand_7
PF13507	GATase_5
PF13510	Fer2_4
PF13513	HEAT_EZ
PF13516	LRR_6
PF13517	FG-GAP_3
PF13519	VWA_2
PF13520	AA_permease_2
PF13522	GATase_6
PF13532	2OG-FeII_Oxy_2
PF13534	Fer4_17
PF13540	RCC1_2
PF13558	SbcCD_C
PF13561	adh_short_C2
PF13564	DoxX_2
PF13589	HATPase_c_3
PF13602	ADH_zinc_N_2
PF13604	AAA_30
PF13616	Rotamase_3
PF13620	CarboxypepD_reg
PF13622	4HBT_3
PF13637	Ank_4
PF13638	PIN_4
PF13639	zf-RING_2
PF13640	2OG-FeII_Oxy_3
PF13646	HEAT_2
PF13649	Methyltransf_25
PF13656	RNA_pol_L_2
PF13661	2OG-FeII_Oxy_4
PF13669	Glyoxalase_4
PF13671	AAA_33
PF13679	Methyltransf_32
PF13691	Lactamase_B_4
PF13696	zf-CCHC_2
PF13704	Glyco_tranf_2_4
PF13716	CRAL_TRIO_2
PF13718	GNAT_acetyltr_2
PF13725	tRNA_bind_2
PF13764	E3_UbLigase_R4
PF13768	VWA_3
PF13771	zf-HC5HC2H
PF13774	Longin
PF13793	Pribosyltran_N
PF13802	Gal_mutarotas_2
PF13815	Dzip-like_N
PF13831	PHD_2
PF13832	zf-HC5HC2H_2
PF13833	EF-hand_8
PF13836	DUF4195
PF13837	Myb_DNA-bind_4
PF13838	Clathrin_H_link
PF13839	PC-Esterase
PF13844	Glyco_transf_41
PF13847	Methyltransf_31
PF13848	Thioredoxin_6
PF13850	ERGIC_N
PF13853	7tm_4
PF13854	Kelch_5
PF13855	LRR_8
PF13857	Ank_5
PF13862	BCCIP
PF13863	DUF4200
PF13865	FoP_duplication
PF13866	zf-SAP30
PF13867	SAP30_Sin3_bdg
PF13869	NUDIX_2
PF13879	Hmw_CFAP97
PF13882	Bravo_FIGEY
PF13884	Peptidase_S74
PF13887	MYRF_ICA
PF13888	MRF_C2
PF13889	Chromosome_seg
PF13890	Rab3-GTPase_cat
PF13892	DBINO
PF13893	RRM_5
PF13894	zf-C2H2_4
PF13895	Ig_2
PF13898	DUF4205
PF13899	Thioredoxin_7
PF13901	zf-RING_9
PF13903	Claudin_2
PF13904	DUF4207
PF13907	DUF4208
PF13908	Shisa
PF13909	zf-H2C2_5
PF13912	zf-C2H2_6
PF13914	Phostensin
PF13915	DUF4210
PF13916	Phostensin_N
PF13917	zf-CCHC_3
PF13918	PLDc_3
PF13919	ASXH
PF13920	zf-C3HC4_3
PF13921	Myb_DNA-bind_6
PF13922	PHD_3
PF13923	zf-C3HC4_2
PF13925	Katanin_con80
PF13927	Ig_3
PF13931	Microtub_bind
PF13934	ELYS
PF13949	ALIX_LYPXL_bnd
PF13959	DUF4217
PF13964	Kelch_6
PF14008	Metallophos_C
PF14047	DCR
PF14048	MBD_C
PF14049	Dppa2_A
PF14050	Nudc_N
PF14073	Cep57_CLD
PF14077	WD40_alt
PF14160	FAM110_C
PF14161	FAM110_N
PF14204	Ribosomal_L18_c
PF14222	MOR2-PAG1_N
PF14225	MOR2-PAG1_C
PF14228	MOR2-PAG1_mid
PF14237	GYF_2
PF14260	zf-C4pol
PF14304	CSTF_C
PF14306	PUA_2
PF14309	DUF4378
PF14324	PINIT
PF14327	CSTF2_hinge
PF14336	DUF4392
PF14370	Topo_C_assoc
PF14374	Ribos_L4_asso_C
PF14377	UBM
PF14382	ECR1_N
PF14396	CFTR_R
PF14429	DOCK-C2
PF14438	SM-ATX
PF14443	DBC1
PF14444	S1-like
PF14447	Prok-RING_4
PF14492	EFG_III
PF14493	HTH_40
PF14497	GST_C_3
PF14500	MMS19_N
PF14513	DAG_kinase_N
PF14520	HHH_5
PF14523	Syntaxin_2
PF14533	USP7_C2
PF14538	Raptor_N
PF14545	DBB
PF14551	MCM_N
PF14555	UBA_4
PF14559	TPR_19
PF14560	Ubiquitin_2
PF14570	zf-RING_4
PF14572	Pribosyl_synth
PF14575	EphA2_TM
PF14580	LRR_9
PF14593	PH_3
PF14598	PAS_11
PF14604	SH3_9
PF14608	zf-CCCH_2
PF14617	CMS1
PF14619	SnAC
PF14622	Ribonucleas_3_3
PF14629	ORC4_C
PF14631	FancD2
PF14632	SPT6_acidic
PF14633	SH2_2
PF14634	zf-RING_5
PF14635	HHH_7
PF14636	FNIP_N
PF14637	FNIP_M
PF14638	FNIP_C
PF14639	YqgF
PF14641	HTH_44
PF14645	Chibby
PF14649	Spatacsin_C
PF14655	RAB3GAP2_N
PF14656	RAB3GAP2_C
PF14670	FXa_inhibition
PF14671	DSPn
PF14674	FANCI_S1-cap
PF14675	FANCI_S1
PF14676	FANCI_S2
PF14677	FANCI_S3
PF14678	FANCI_S4
PF14679	FANCI_HD1
PF14680	FANCI_HD2
PF14699	hGDE_N
PF14700	RPOL_N
PF14701	hDGE_amylase
PF14702	hGDE_central
PF14705	Costars
PF14709	DND1_DSRM
PF14712	Snapin_Pallidin
PF14719	PID_2
PF14721	AIF_C
PF14732	UAE_UbL
PF14744	WASH-7_mid
PF14745	WASH-7_N
PF14746	WASH-7_C
PF14748	P5CR_dimer
PF14749	Acyl-CoA_ox_N
PF14759	Reductase_C
PF14765	PS-DH
PF14766	RPA_interact_N
PF14767	RPA_interact_M
PF14768	RPA_interact_C
PF14779	BBS1
PF14780	DUF4477
PF14788	EF-hand_10
PF14796	AP3B1_C
PF14797	SEEEED
PF14799	FAM195
PF14806	Coatomer_b_Cpla
PF14817	HAUS5
PF14818	DUF4482
PF14826	FACT-Spt16_Nlob
PF14835	zf-RING_6
PF14836	Ubiquitin_3
PF14843	GF_recep_IV
PF14844	PH_BEACH
PF14846	DUF4485
PF14854	LURAP
PF14857	TMEM151
PF14887	HMG_box_5
PF14893	PNMA
PF14915	CCDC144C
PF14933	CEP19
PF14938	SNAP
PF14943	MRP-S26
PF14944	TCRP1
PF14946	DUF4501
PF14952	zf-tcix
PF14957	BORG_CEP
PF14960	ATP_synth_reg
PF14963	Get2_like
PF14964	DUF4507
PF14965	BRI3BP
PF14972	Mito_morph_reg
PF14982	UPF0731
PF14984	CD24
PF15003	HAUS2
PF15006	DUF4517
PF15007	CEP44
PF15009	TMEM173
PF15010	FAM131
PF15011	CK2S
PF15017	WRNPLPNID
PF15019	C9orf72-like
PF15028	PTCRA
PF15031	DUF4528
PF15035	Rootletin
PF15049	DUF4534
PF15051	FAM198
PF15056	NRN1
PF15058	Speriolin_N
PF15059	Speriolin_C
PF15060	PPDFL
PF15061	DUF4538
PF15063	TC1
PF15064	CATSPERG
PF15070	GOLGA2L5
PF15075	DUF4542
PF15100	TMEM187
PF15101	TERB2
PF15108	TMEM37
PF15135	UPF0515
PF15151	RGCC
PF15156	CLN6
PF15170	CaM-KIIN
PF15175	SPATA24
PF15176	LRR19-TM
PF15191	Synaptonemal_3
PF15227	zf-C3HC4_4
PF15229	POM121
PF15234	LAT
PF15235	GRIN_C
PF15237	PTRF_SDPR
PF15242	FAM53
PF15245	VGLL4
PF15246	NCKAP5
PF15247	SLBP_RNA_bind
PF15248	DUF4587
PF15250	Raftlin
PF15253	STIL_N
PF15255	CAP-ZIP_m
PF15262	DUF4592
PF15266	DUF4594
PF15268	Dapper
PF15276	PP1_bind
PF15277	Sec3-PIP2_bind
PF15280	BORA_N
PF15282	BMP2K_C
PF15288	zf-CCHC_6
PF15290	Syntaphilin
PF15291	Dermcidin
PF15293	NUFIP2
PF15294	Leu_zip
PF15295	CCDC50_N
PF15297	CKAP2_C
PF15299	ALS2CR8
PF15300	INT_SG_DDX_CT_C
PF15303	RNF111_N
PF15304	AKAP2_C
PF15308	CEP170_C
PF15309	ALMS_motif
PF15316	MDFI
PF15317	Lbh
PF15324	TALPID3
PF15327	Tankyrase_bdg_C
PF15331	TP53IP5
PF15333	TAF1D
PF15336	Auts2
PF15340	COPR5
PF15341	SLX9
PF15346	ARGLU
PF15348	GEMIN8
PF15358	TSKS
PF15359	CDV3
PF15363	DUF4596
PF15365	PNRC
PF15368	BioT2
PF15374	CCDC71L
PF15375	DUF4602
PF15376	DUF4603
PF15378	DUF4605
PF15387	DUF4611
PF15388	FAM117
PF15390	WDCP
PF15393	DUF4615
PF15395	DUF4617
PF15409	PH_8
PF15410	PH_9
PF15412	Nse4-Nse3_bdg
PF15433	MRP-S31
PF15440	THRAP3_BCLAF1
PF15443	DUF4630
PF15454	LAMTOR
PF15455	Pro-rich_19
PF15469	Sec5
PF15477	SMAP
PF15492	Nbas_N
PF15494	SRCR_2
PF15499	Peptidase_C98
PF15502	MPLKIP
PF15509	DUF4650
PF15510	CENP-W
PF15511	CENP-T_C
PF15512	CAF-1_p60_C
PF15519	RBM39linker
PF15539	CAF1-p150_C2
PF15557	CAF1-p150_N
PF15558	DUF4659
PF15612	WHIM1
PF15613	WSD
PF15619	Lebercilin
PF15620	CENP-C_mid
PF15622	CENP_C_N
PF15625	CC2D2AN-C2
PF15627	CEP76-C2
PF15636	Tox-GHH
PF15663	zf-CCCH_3
PF15669	CCDC24
PF15676	S6OS1
PF15677	CEND1
PF15678	SPICE
PF15679	DUF4665
PF15684	AROS
PF15686	LYRIC
PF15687	NRIP1_repr_1
PF15688	NRIP1_repr_2
PF15689	NRIP1_repr_3
PF15690	NRIP1_repr_4
PF15692	NKAP
PF15693	Med26_C
PF15694	Med26_M
PF15711	ILEI
PF15712	NPAT_C
PF15715	PAF
PF15717	PCM1_C
PF15718	MNR
PF15719	DUF4674
PF15735	DUF4683
PF15739	TSNAXIP1_N
PF15748	CCSAP
PF15756	DUF4690
PF15759	TMEM108
PF15771	IHO1
PF15774	DUF4702
PF15780	ASH
PF15785	SMG1
PF15787	DUF4704
PF15794	CCDC106
PF15795	Spec3
PF15796	KELK
PF15797	DUF4706
PF15798	PRAS
PF15801	zf-C6H2
PF15802	DCAF17
PF15803	zf-SCNM1
PF15805	SCNM1_acidic
PF15808	BCOR
PF15811	SVIP
PF15821	DUF4709
PF15822	MISS
PF15826	PUMA
PF15852	DUF4724
PF15856	DUF4727
PF15862	Coilin_N
PF15865	Fanconi_A_N
PF15898	PRKG1_interact
PF15901	Sortilin_C
PF15902	Sortilin-Vps10
PF15904	LIP1
PF15905	HMMR_N
PF15906	zf-NOSIP
PF15908	HMMR_C
PF15912	VIR_N
PF15914	FAM193_C
PF15923	DUF4745
PF15926	RNF220
PF15936	DUF4749
PF15949	DUF4757
PF15951	MITF_TFEB_C_3_N
PF15963	Myb_DNA-bind_7
PF15964	CCCAP
PF15974	Cadherin_tail
PF15985	KH_6
PF15996	PNISR
PF16004	EFTUD2
PF16005	MOEP19
PF16006	NUSAP
PF16016	VASt
PF16017	BTB_3
PF16018	Anillin_N
PF16019	CSRNP_N
PF16021	PDCD7
PF16025	CaM_bind
PF16028	SLC3A2_N
PF16045	LisH_2
PF16046	FAM76
PF16050	CDC73_N
PF16053	MRP-S34
PF16059	DUF4801
PF16076	Acyltransf_C
PF16078	2-oxogl_dehyd_N
PF16095	COR
PF16096	FXR_C1
PF16097	FXR_C3
PF16098	FXMR_C2
PF16101	PRIMA1
PF16113	ECH_2
PF16114	Citrate_bind
PF16121	40S_S4_C
PF16122	40S_SA_C
PF16123	HAGH_C
PF16124	RecQ_Zn_bind
PF16134	THOC2_N
PF16158	N_BRCA1_IG
PF16172	DOCK_N
PF16174	IHABP4_N
PF16179	RHD_dimer
PF16182	AbLIM_anchor
PF16183	Kinesin_assoc
PF16186	Arm_3
PF16190	E1_FCCH
PF16191	E1_4HB
PF16195	UBA2_C
PF16197	KAsynt_C_assoc
PF16198	TruB_C_2
PF16200	Band_7_C
PF16201	NopRA1
PF16202	BLM_N
PF16204	BDHCT_assoc
PF16205	Ribosomal_S17_N
PF16206	Mon2_C
PF16207	RAWUL
PF16208	Keratin_2_head
PF16209	PhoLip_ATPase_N
PF16210	Keratin_2_tail
PF16211	Histone_H2A_C
PF16213	DCB
PF16218	Peptidase_C101
PF16273	NuDC
PF16274	Qua1
PF16275	SF1-HH
PF16276	NPM1-C
PF16278	zf-C2HE
PF16279	DUF4927
PF16294	RSB_motif
PF16297	DUF4939
PF16300	WD40_4
PF16320	Ribosomal_L12_N
PF16322	Tub_N
PF16363	GDP_Man_Dehyd
PF16366	CEBP_ZZ
PF16367	RRM_7
PF16368	CEBP1_N
PF16381	Coatomer_g_Cpla
PF16399	Aquarius_N
PF16413	Mlh1_C
PF16415	CNOT1_CAF1_bind
PF16417	CNOT1_TTP_bind
PF16418	CNOT1_HEAT
PF16421	E2F_CC-MB
PF16450	Prot_ATP_ID_OB
PF16453	IQ_SEC7_PH
PF16454	PI3K_P85_iSH2
PF16457	PH_12
PF16470	S8_pro-domain
PF16471	JIP_LZII
PF16472	DUF5050
PF16474	KIND
PF16482	Staufen_C
PF16484	CPT_N
PF16486	ArgoN
PF16487	ArgoMid
PF16488	ArgoL2
PF16489	GAIN
PF16492	Cadherin_C_2
PF16494	Na_Ca_ex_C
PF16495	SWIRM-assoc_1
PF16496	SWIRM-assoc_2
PF16498	SWIRM-assoc_3
PF16500	Cyclin_N2
PF16501	SCAPER_N
PF16508	NIBRIN_BRCT_II
PF16511	FERM_f0
PF16512	RhoGAP-FF1
PF16516	CC2-LZ
PF16517	Nore1-SARAH
PF16519	TRPM_tetra
PF16521	Myosin-VI_CBD
PF16528	Exo84_C
PF16529	Ge1_WD40
PF16531	SAS-6_N
PF16534	ULD
PF16540	MKLP1_Arf_bdg
PF16543	DFRP_C
PF16544	STAR_dimer
PF16546	SGTA_dimer
PF16550	RPN13_C
PF16551	Quaking_NLS
PF16553	PUFD
PF16557	CUTL
PF16558	AZUL
PF16559	GIT_CC
PF16562	HECW_N
PF16563	P66_CC
PF16564	MBDa
PF16566	CREPT
PF16568	Sam68-YY
PF16574	CEP209_CC5
PF16575	CLP1_P
PF16577	UBA_5
PF16579	AdenylateSensor
PF16589	BRCT_2
PF16598	Edc3_linker
PF16599	PTN13_u3
PF16600	Caskin1-CID
PF16605	LSM_int_assoc
PF16607	CYLD_phos_site
PF16608	TNRC6-PABC_bdg
PF16609	SH3-RhoG_link
PF16611	RGS12_us2
PF16612	RGS12_usC
PF16613	RGS12_us1
PF16614	RhoGEF67_u2
PF16615	RhoGEF67_u1
PF16616	PHC2_SAM_assoc
PF16617	INTAP
PF16619	SUIM_assoc
PF16622	zf-C2H2_11
PF16623	WW_FCH_linker
PF16624	zf-C2H2_assoc2
PF16629	Arm_APC_u3
PF16630	APC_u5
PF16632	Caskin-tail
PF16633	APC_u9
PF16634	APC_u13
PF16635	APC_u14
PF16636	APC_u15
PF16638	Tristanin_u2
PF16642	KCNQ2_u3
PF16646	AXIN1_TNKS_BD
PF16652	PH_13
PF16653	Sacchrp_dh_C
PF16656	Pur_ac_phosph_N
PF16661	Lactamase_B_6
PF16663	MAGI_u1
PF16665	NCOA_u2
PF16666	MAGI_u5
PF16672	LAMTOR5
PF16673	TRAF_BIRC3_bd
PF16674	UCH_N
PF16679	CDT1_C
PF16687	ELYS-bb
PF16689	APC_N_CC
PF16699	CSTF1_dimer
PF16704	Rab_bind
PF16705	NUDIX_5
PF16725	Nucleolin_bd
PF16726	OCRL_clath_bd
PF16735	MYO10_CC
PF16739	CARD_2
PF16741	mRNA_decap_C
PF16744	Zf_RING
PF16746	BAR_3
PF16752	TBCC_N
PF16759	LIG3_BRCT
PF16766	CID_GANP
PF16768	NupH_GANP
PF16769	MCM3AP_GANP
PF16770	RTT107_BRCT_5
PF16772	TERF2_RBM
PF16776	INPP5B_PH
PF16780	AIMP2_LysRS_bd
PF16788	ATF7IP_BD
PF16794	fn3_4
PF16835	SF3A2
PF16837	SF3A3
PF16858	CNDH2_C
PF16866	PHD_4
PF16869	CNDH2_M
PF16870	OxoGdeHyase_C
PF16878	SIX1_SD
PF16879	Sin3a_C
PF16880	EHD_N
PF16886	ATP-synt_ab_Xtn
PF16891	STPPase_N
PF16897	MMR_HSR1_Xtn
PF16898	TOPRIM_C
PF16900	REPA_OB_2
PF16906	Ribosomal_L26
PF16907	Caskin-Pro-rich
PF16920	LRRCT_2
PF16923	Glyco_hydro_63N
PF16953	PRORP
PF16969	SRP68
PF16978	CRIM
PF16979	SIN1_PH
PF17004	SRP_TPR_like
PF17035	BET
PF17045	CEP63
PF17047	SMP_LBD
PF17054	JUPITER
PF17066	RITA
PF17069	RSRP
PF17095	CAMSAP_CC1
PF17098	Wtap
PF17105	BRD4_CDT
PF17125	Methyltr_RsmF_N
PF17135	Ribosomal_L18
PF17144	Ribosomal_L5e
PF17146	PIN_6
PF17171	GST_C_6
PF17205	PSI_integrin
PF17207	MCM_OB
PF17208	RBR
PF17215	Rrp44_S1
PF17216	Rrp44_CSD1
PF17218	CBX7_C
PF17219	YAF2_RYBP
PF17221	COMMD1_N
PF17229	SMG1_N
PF17285	PRMT5_TIM
PF17286	PRMT5_C
PF17292	POB3_N
PF17403	Nrap_D2
PF17404	Nrap_D3
PF17405	Nrap_D4
PF17406	Nrap_D5
PF17407	Nrap_D6
PF17489	Tnp_22_trimer
PF17490	Tnp_22_dsRBD
PF17655	IRK_C
PF17661	DUF5523
PF17674	HHH_9
PF17681	GCP_N_terminal
PF17683	TFIIF_beta_N
PF17704	DUF5550
PF17708	Gasdermin_C
PF17715	DUF5560
PF17725	YBD
PF17736	Ig_C17orf99
PF17751	SKICH
PF17759	tRNA_synthFbeta
PF17771	ADAM_CR_2
PF17772	zf-MYST
PF17776	NLRC4_HD2
PF17777	RL10P_insert
PF17779	NOD2_WH
PF17780	OCRE
PF17781	RPN1_RPN2_N
PF17787	PH_14
PF17789	MG4
PF17790	MG1
PF17791	MG3
PF17794	Vault_2
PF17795	Vault_3
PF17796	Vault_4
PF17797	RL
PF17798	TRIF-NTD
PF17799	RRM_Rrp7
PF17802	SpaA
PF17807	zf-UBP_var
PF17809	UPA_2
PF17811	JHD
PF17814	LisH_TPL
PF17817	PDZ_5
PF17820	PDZ_6
PF17824	DUF5586
PF17830	STI1
PF17832	Pre-PUA
PF17833	UPF0113_N
PF17835	NOG1_N
PF17838	PH_16
PF17840	Tugs
PF17846	XRN_M
PF17848	zf-ACC
PF17849	OB_Dis3
PF17852	Dynein_AAA_lid
PF17855	MCM_lid
PF17856	TIP49_C
PF17857	AAA_lid_1
PF17862	AAA_lid_3
PF17865	AAA_lid_5
PF17867	AAA_lid_7
PF17870	Insulin_TMD
PF17872	AAA_lid_10
PF17877	Dis3l2_C_term
PF17900	Peptidase_M1_N
PF17902	SH3_10
PF17903	KH_8
PF17904	KH_9
PF17906	HTH_48
PF17907	AWS
PF17911	Ski2_N
PF17913	FHA_2
PF17916	LID
PF17921	Integrase_H2C2
PF17942	Morc6_S5
PF17959	EF-hand_14
PF17960	TIG_plexin
PF17971	LIFR_D2
PF17976	zf-RING_12
PF17978	zf-RING_14
PF17979	zf-CRD
PF17981	ADD_ATRX
PF17982	C5HCH
PF17988	VEGFR-2_TMD
PF18004	RPN2_C
PF18005	eIF3m_C_helix
PF18012	PH_17
PF18016	SAM_3
PF18020	TIG_2
PF18027	Pepdidase_M14_N
PF18037	Ubiquitin_5
PF18038	FERM_N_2
PF18039	UBA_6
PF18044	zf-CCCH_4
PF18048	TRAF6_Z2
PF18051	RPN1_C
PF18055	RPN6_N
PF18072	FGAR-AT_linker
PF18076	FGAR-AT_N
PF18077	DUF5595
PF18086	PPIP5K2_N
PF18097	Vta1_C
PF18100	PDE4_UCR
PF18101	Pan3_PK
PF18102	DTC
PF18104	Tudor_2
PF18109	Fer4_24
PF18111	RPGR1_C
PF18112	Zn-C2H2_12
PF18114	Suv3_N
PF18119	RIG-I_C
PF18121	TFA2_Winged_2
PF18122	APC1_C
PF18129	SH3_12
PF18131	KN17_SH3
PF18137	ORC_WH_C
PF18139	LSDAT_euk
PF18140	PCC_BT
PF18141	UPF1_1B_dom
PF18147	Suv3_C_1
PF18148	RGS_DHEX
PF18149	Helicase_PWI
PF18150	DUF5600
PF18151	DUF5601
PF18190	Plk4_PB1
PF18192	DNTTIP1_dimer
PF18198	AAA_lid_11
PF18199	Dynein_C
PF18201	PIH1_CS
PF18262	PhetRS_B1
PF18263	MCM6_C
PF18265	Nas2_N
PF18290	Nudix_hydro
PF18293	Caprin-1_dimer
PF18307	Tfb2_C
PF18308	GGA_N-GAT
PF18323	CSN5_C
PF18332	XRN1_D1
PF18334	XRN1_D2_D3
PF18336	Tudor_FRX1
PF18345	zf_CCCH_4
PF18346	SH3_15
PF18360	hnRNP_Q_AcD
PF18362	THB
PF18372	I-EGF_1
PF18373	Spectrin_like
PF18375	CDH1_2_SANT_HL1
PF18385	Tiam_CC_Ex
PF18386	ROQ_II
PF18387	zf_C2H2_ZHX
PF18391	CHIP_TPR_N
PF18392	CSN7a_helixI
PF18394	TBK1_CCD1
PF18396	TBK1_ULD
PF18397	IKBKB_SDD
PF18408	zf_Hakai
PF18409	Plk4_PB2
PF18410	BTHB
PF18414	zf_C2H2_10
PF18420	CSN4_RPN5_eIF3a
PF18428	BRCT_3
PF18436	HECW1_helix
PF18455	GBR2_CC
PF18479	PIN_11
PF18485	GST_N_5
PF18503	RPN6_C_helix
PF18517	LZ3wCH
PF18521	TAD2
PF18552	PheRS_DBD1
PF18553	PheRS_DBD3
PF18554	PheRS_DBD2
PF18567	TIR_3
PF18569	Thioredoxin_16
PF18574	zf_C2HC_14
PF18580	HTH_SUN2
PF18594	Sas6_CC
PF18597	SH3_19
PF18606	HTH_53
PF18613	TrkA_TMD
PF18617	Nup214_FG
PF18633	zf-CCCH_8
PF18658	zf-C2H2_12
PF18694	TDP43_N
PF18696	SMP_C2CD2L
PF18703	MALT1_Ig
PF18704	Chromo_2
PF18706	ISPD_C
PF18716	VATC
PF18717	CxC4
PF18720	EGF_Tenascin
PF18727	ALMS_repeat
PF18738	HEPN_DZIP3
PF18755	RAMA
PF18770	Arm_vescicular
PF18777	CRM1_repeat
PF18779	LRR_RI_capping
PF18782	NAD2
PF18784	CRM1_repeat_2
PF18787	CRM1_repeat_3
PF18797	APC_rep
PF18808	Importin_rep_4
PF18816	Importin_rep_5
PF18826	bVLRF1
PF18829	Importin_rep_6
PF18872	Daz
PF18875	AF4_int
PF18876	AF-4_C
PF18911	PKD_4
PF18913	FBPase_C
PF18995	PRT6_C
PF19016	DUF5745
PF19026	HYPK_UBA
PF19028	TSP1_spondin
PF19030	TSP1_ADAMTS
PF19035	TSP1_CCN
PF19039	ASK_PH
PF19046	GM130_C
PF19047	HOOK_N
PF19056	WD40_2
PF19057	PH_19
PF19088	TUTase
PF19179	DUF5861
PF19188	AGRB_N
PF19236	ADAM_CR_3
PF19252	HIND
PF19256	LAIKA
PF19257	BURAN
PF19272	ASMase_C
PF19273	Exportin-5
PF19274	PI4K_N
PF19277	GPAT_C
PF19278	Hydant_A_C
PF19281	PHYHIP_C
PF19282	Exportin-T
PF19286	DUF5909
PF19292	KPBB_C
PF19302	DUF5915
PF19303	Anticodon_3
PF19304	PGDH_inter
PF19326	AMP_deaminase
PF19336	DUF5921
PF19337	BAMBI_C
PF19340	GCP6_N
PF19421	Fry_C
PF19422	Ariadne
PF19423	E3_UBR4_N
PF19426	MIER1_beta_C
PF19431	MEKK4_N
PF19432	RME-8_N
PF19433	NDNF_C
PF19434	OPA1_C
PF19437	VCIP135_N
PF19440	TTC7_N
PF19445	eIF3h_C
PF19518	RhoGAP_pG1_pG2
PF19521	Apc1_N
PF19532	TMEM131_like
PF19533	Rab3-GAP_cat_C
PF19536	POU2F1_C
PF19675	ORC3_ins
PF19687	MARF1_LOTUS
PF19704	DNAPKcs_CC5
PF19710	PIK3CG_ABD
PF19712	AGK_C
PF19722	SENP3_5_N
PF19729	FBXL18_C
PF19913	WCOB
PF19914	WEF-hand
PF20023	WSLR
PF20053	WC-rich
PF08344	TRP_2
PF08347	CTNNB1_binding
PF08351	DUF1726
PF08355	EF_assoc_1
PF08356	EF_assoc_2
PF08366	LLGL
PF08374	Protocadherin
PF08375	Rpn3_C
PF08377	MAP2_projctn
PF08397	IMD
PF08399	VWA_N
PF08403	AA_permease_N
PF08409	DUF1736
PF08416	PTB
PF08418	Pol_alpha_B_N
PF08454	RIH_assoc
PF08487	VIT
PF08499	PDEase_I_N
PF08504	RunxI
PF08517	AXH
PF08518	GIT_SHD
PF08523	MBF1
PF00004	AAA
PF00023	Ank
PF00106	adh_short
PF00400	WD40
PF01266	DAO
PF01370	Epimerase
PF01535	PPR
PF01636	APH
PF01926	MMR_HSR1
PF02463	SMC_N
PF02518	HATPase_c
PF03109	ABC1
PF04851	ResIII
PF05729	NACHT
PF07679	I-set
PF07690	MFS_1
PF07719	TPR_2
PF07728	AAA_5
PF07992	Pyr_redox_2
PF08241	Methyltransf_11
PF08659	KR
PF00005	ABC_tran
PF00069	Pkinase
PF00096	zf-C2H2
PF00097	zf-C3HC4
PF07714	PK_Tyr_Ser-Thr
PF13191	AAA_16
PF00622	SPRY
PF13765	PRY
PF00037	Fer4
PF13193	AMP-binding_C
PF00609	DAGK_acc
PF01044	Vinculin
PF01608	I_LWEQ
PF02809	UIM
PF06840	DUF1241
PF08913	VBS
PF09141	Talin_middle
PF12026	CAS_C
PF16212	PhoLip_ATPase_C
PF16515	HIP1_clath_bdg
PF16901	DAO_C
PF19279	YegS_C
PF19280	CERK_C
PF10208	ARMET_C
PF20145	ARMET_N
PF00782	DSPc
PLD1	PLD
PLD2	PLD
PLD3	PLD
PLD4	PLD
PLD5	PLD
PLD6	PLD
PLD7	PLD
PLD8	PLD
PLD9	PLD
PLD10	PLD
PLD11	PLD
PLD12	PLD
PLD13	PLD
PLD14	PLD
PLD15	PLD
PLD16	PLD
PLD17	PLD
PLD18	PLD
PLD19	PLD
PLD20	PLD
PLD21	PLD
PLD22	PLD
PLD23	PLD
PLD24	PLD
PLD25	PLD
PLD26	PLD
PLD27	PLD
PLD28	PLD
PLD29	PLD
PLD30	PLD
PLD31	PLD
PLD32	PLD
PLD33	PLD
PLD34	PLD
PLD35	PLD
PLD36	PLD
PLD37	PLD
PLD38	PLD
PLD39	PLD
PLD40	PLD
PLD41	PLD
PLD42	PLD
PLD43	PLD
PLD44	PLD
PLD45	PLD
PLD46	PLD
PLD47	PLD
PLD48	PLD
PLD49	PLD
PLD50	PLD
PLD51	PLD
PLD52	PLD
PLD53	PLD
PLD54	PLD
PLD55	PLD
PLD56	PLD
PLD57	PLD
PLD58	PLD
PLD59	PLD
PLD60	PLD
PLD61	PLD
PLD62	PLD
PLD63	PLD
PLD64	PLD
PLD65	PLD
PLD66	PLD
PLD67	PLD
PLD68	PLD
PLD69	PLD
PLD70	PLD
PLD71	PLD
PLD72	PLD
PLD73	PLD
PLD74	PLD
PLD75	PLD
PLD76	PLD
PLD77	PLD
PLD78	PLD
PLD79	PLD
PLD80	PLD
PLD81	PLD
PLD82	PLD
PLD83	PLD
PLD84	PLD
PLD85	PLD
PLD86	PLD
PLD87	PLD
PLD88	PLD
PLD89	PLD
PLD90	PLD
PLD91	PLD
PLD92	PLD
PLD93	PLD
PLD94	PLD
PLD95	PLD
PLD96	PLD
PLD97	PLD
PLD98	PLD
PLD99	PLD
PLD100	PLD
PLD101	PLD
PLD102	PLD
PLD103	PLD
PLD104	PLD
PLD105	PLD
PLD106	PLD
PLD107	PLD
PLD108	PLD
PLD109	PLD
PLD110	PLD
PLD111	PLD
PLD112	PLD
PLD113	PLD
PLD114	PLD
PLD115	PLD
PLD116	PLD
PLD117	PLD
PLD118	PLD
PLD119	PLD
PLD120	PLD
PLD121	PLD
PLD122	PLD
PLD123	PLD
PLD124	PLD
PLD125	PLD
PLD126	PLD
PLD127	PLD
PLD128	PLD
PLD129	PLD
PLD130	PLD
PLD131	PLD
PLD132	PLD
PLD133	PLD
PLD134	PLD
PLD135	PLD
PLD136	PLD
