uniprot,org,tipo,start,end
A0A0U1RRE5,Homo sapiens,D_WC,1,68
A1L020,Homo sapiens,D_WC,49,111
A1L020,Homo sapiens,D_WC,412,461
A2A288,Homo sapiens,D_WC,48,75
A2A288,Homo sapiens,D_WC,234,258
A2A288,Homo sapiens,D_WC,296,339
A2A288,Homo sapiens,D_WC,378,457
A5YKK6,Homo sapiens,D_WC,720,768
A5YKK6,Homo sapiens,D_WC,1315,1352
A8CG34,Homo sapiens,D_WC,1,24
A8CG34,Homo sapiens,D_WC,90,200
A8CG34,Homo sapiens,D_WC,296,507
A8CG34,Homo sapiens,D_WC,579,747
A8CG34,Homo sapiens,D_WC,936,966
A8CG34,Homo sapiens,D_WC,1202,1229
B1PRL2,Homo sapiens,D_WC,123,320
B1PRL2,Homo sapiens,D_WC,479,498
C9JLW8,Homo sapiens,D_WC,1,30
I0J062,Homo sapiens,D_WC,35,215
O00165,Homo sapiens,D_PA,16,65
O00165,Homo sapiens,D_WC,99,262
O00257,Homo sapiens,D_WC,92,165
O00257,Homo sapiens,D_WC,217,243
O00257,Homo sapiens,D_PA,281,404
O00257,Homo sapiens,D_WC,509,528
O00401,Homo sapiens,D_PA,138,163
O00401,Homo sapiens,D_PPE,184,205
O00401,Homo sapiens,D_WC,266,406
O00401,Homo sapiens,D_NPE,476,505
O00422,Homo sapiens,D_PA,1,20
O00566,Homo sapiens,D_PA,105,202
O00566,Homo sapiens,D_PA,216,364
O00566,Homo sapiens,D_PA,558,606
O00566,Homo sapiens,D_PPE,660,681
O00567,Homo sapiens,D_PA,458,594
O00571,Homo sapiens,D_PA,19,144
O00571,Homo sapiens,D_WC,601,634
O14641,Homo sapiens,D_WC,92,254
O14641,Homo sapiens,D_WC,558,675
O14746,Homo sapiens,D_WC,210,320
O14979,Homo sapiens,D_WC,1,83
O14979,Homo sapiens,D_WC,96,120
O14979,Homo sapiens,D_WC,313,348
O14979,Homo sapiens,D_WC,398,420
O15047,Homo sapiens,D_WC,194,308
O15047,Homo sapiens,D_WC,332,363
O15047,Homo sapiens,D_WC,381,486
O15047,Homo sapiens,D_WC,506,655
O15047,Homo sapiens,D_PA,834,854
O15047,Homo sapiens,D_PA,891,1251
O15047,Homo sapiens,D_PA,1264,1293
O15047,Homo sapiens,D_PA,1307,1417
O15047,Homo sapiens,D_PA,1472,1499
O15055,Homo sapiens,D_WC,1,79
O15055,Homo sapiens,D_WC,473,557
O15055,Homo sapiens,D_WC,617,646
O15055,Homo sapiens,D_WC,764,838
O15055,Homo sapiens,D_WC,931,985
O15055,Homo sapiens,D_WC,1018,1050
O15055,Homo sapiens,D_WC,1077,1106
O15055,Homo sapiens,D_PA,1231,1255
O15169,Homo sapiens,D_WC,1,79
O15169,Homo sapiens,D_WC,215,289
O15169,Homo sapiens,D_WC,316,344
O15169,Homo sapiens,D_PA,413,441
O15169,Homo sapiens,D_WC,480,501
O15169,Homo sapiens,D_PA,531,629
O15169,Homo sapiens,D_PA,641,679
O15213,Homo sapiens,D_PA,1,103
O15213,Homo sapiens,D_PA,538,610
O15234,Homo sapiens,D_PA,1,462
O15234,Homo sapiens,D_WC,492,538
O15234,Homo sapiens,D_WC,633,703
O15381,Homo sapiens,D_WC,84,175
O15381,Homo sapiens,D_PA,197,236
O15381,Homo sapiens,D_PA,496,523
O15446,Homo sapiens,D_WC,1,31
O15446,Homo sapiens,D_WC,120,143
O15446,Homo sapiens,D_PA,203,510
O15527,Homo sapiens,D_PA,324,345
O15550,Homo sapiens,D_WC,437,457
O15550,Homo sapiens,D_WC,521,541
O15550,Homo sapiens,D_WC,624,746
O15550,Homo sapiens,D_WC,758,778
O15550,Homo sapiens,D_WC,810,864
O15550,Homo sapiens,D_WC,914,940
O15550,Homo sapiens,D_PA,1043,1079
O43390,Homo sapiens,D_WC,1,24
O43390,Homo sapiens,D_PA,412,456
O43390,Homo sapiens,D_WC,501,633
O43561,Homo sapiens,D_WC,69,115
O43561,Homo sapiens,D_WC,206,262
O43660,Homo sapiens,D_WC,135,160
O43663,Homo sapiens,D_WC,446,488
O43663,Homo sapiens,D_WC,517,545
O43663,Homo sapiens,D_WC,600,620
O43670,Homo sapiens,D_WC,99,157
O43670,Homo sapiens,D_WC,238,276
O43670,Homo sapiens,D_WC,300,362
O43670,Homo sapiens,D_WC,384,478
O43781,Homo sapiens,D_WC,1,27
O43781,Homo sapiens,D_WC,97,137
O43823,Homo sapiens,D_WC,168,203
O43823,Homo sapiens,D_WC,231,254
O43823,Homo sapiens,D_PA,269,382
O43823,Homo sapiens,D_PA,545,571
O43823,Homo sapiens,D_WC,591,692
O60318,Homo sapiens,D_WC,1,67
O60318,Homo sapiens,D_WC,212,247
O60318,Homo sapiens,D_PA,266,432
O60318,Homo sapiens,D_WC,511,557
O60318,Homo sapiens,D_WC,998,1038
O60479,Homo sapiens,D_WC,20,39
O60479,Homo sapiens,D_WC,195,287
O60500,Homo sapiens,D_WC,1025,1057
O60500,Homo sapiens,D_PA,1099,1137
O60563,Homo sapiens,D_WC,360,385
O60563,Homo sapiens,D_WC,487,650
O60563,Homo sapiens,D_WC,688,726
O60828,Homo sapiens,D_PA,77,265
O60832,Homo sapiens,D_PA,443,514
O60885,Homo sapiens,D_WC,1,58
O60885,Homo sapiens,D_WC,174,229
O60885,Homo sapiens,D_WC,242,352
O60885,Homo sapiens,D_PA,463,615
O60885,Homo sapiens,D_WC,674,1100
O60885,Homo sapiens,D_PA,1116,1339
O60934,Homo sapiens,D_WC,326,346
O60934,Homo sapiens,D_WC,396,415
O60934,Homo sapiens,D_WC,430,478
O60936,Homo sapiens,D_PA,107,208
O75151,Homo sapiens,D_PA,447,634
O75151,Homo sapiens,D_WC,646,674
O75151,Homo sapiens,D_WC,719,799
O75151,Homo sapiens,D_WC,817,846
O75151,Homo sapiens,D_WC,877,1078
O75177,Homo sapiens,D_WC,72,162
O75177,Homo sapiens,D_WC,192,280
O75177,Homo sapiens,D_WC,311,396
O75319,Homo sapiens,D_PA,53,79
O75494,Homo sapiens,D_PA,116,262
O75554,Homo sapiens,D_PA,94,128
O75554,Homo sapiens,D_PA,189,335
O75554,Homo sapiens,D_PA,356,376
O75683,Homo sapiens,D_PA,20,106
O75683,Homo sapiens,D_PA,125,230
O75683,Homo sapiens,D_PPE,299,334
O75791,Homo sapiens,D_WC,143,244
O75925,Homo sapiens,D_WC,465,511
O75925,Homo sapiens,D_WC,599,632
O75928,Homo sapiens,D_WC,579,621
O76021,Homo sapiens,D_WC,1,33
O76021,Homo sapiens,D_PA,280,490
O76064,Homo sapiens,D_WC,181,220
O94818,Homo sapiens,D_WC,210,312
O94818,Homo sapiens,D_PA,343,403
O94818,Homo sapiens,D_WC,503,535
O94818,Homo sapiens,D_WC,573,603
O94906,Homo sapiens,D_WC,1,79
O95232,Homo sapiens,D_WC,107,126
O95232,Homo sapiens,D_PA,234,432
O95453,Homo sapiens,D_WC,560,639
O95613,Homo sapiens,D_PA,1,71
O95613,Homo sapiens,D_PA,81,100
O95613,Homo sapiens,D_PA,569,589
O95613,Homo sapiens,D_WC,1619,1638
O95613,Homo sapiens,D_WC,1954,1974
O95613,Homo sapiens,D_WC,2168,2214
O95613,Homo sapiens,D_WC,2318,2374
O95613,Homo sapiens,D_PA,2875,2910
O95613,Homo sapiens,D_WC,3084,3126
O95613,Homo sapiens,D_WC,3224,3299
P01106,Homo sapiens,D_WC,204,295
P02545,Homo sapiens,D_WC,1,24
P02545,Homo sapiens,D_WC,384,442
P02545,Homo sapiens,D_PA,552,576
P02545,Homo sapiens,D_WC,598,619
P03372,Homo sapiens,D_WC,146,174
P03372,Homo sapiens,D_PA,259,286
P03372,Homo sapiens,D_WC,553,573
P04156,Homo sapiens,D_WC,26,108
P04637,Homo sapiens,D_WC,50,96
P04637,Homo sapiens,D_PA,282,325
P04637,Homo sapiens,D_PA,351,393
P05067,Homo sapiens,D_NPE,194,284
P06241,Homo sapiens,D_WC,14,35
P06730,Homo sapiens,D_WC,1,30
P06748,Homo sapiens,D_PA,120,247
P08047,Homo sapiens,D_WC,1,93
P08047,Homo sapiens,D_WC,109,141
P08047,Homo sapiens,D_WC,285,304
P08047,Homo sapiens,D_WC,329,395
P08047,Homo sapiens,D_WC,567,598
P08621,Homo sapiens,D_PA,48,79
P08621,Homo sapiens,D_PA,187,437
P09651,Homo sapiens,D_WC,182,216
P09651,Homo sapiens,D_WC,318,372
P0DI83,Homo sapiens,D_WC,37,64
P0DI83,Homo sapiens,D_WC,94,198
P0DMV8,Homo sapiens,D_WC,614,641
P10071,Homo sapiens,D_WC,1,79
P10071,Homo sapiens,D_WC,368,475
P10071,Homo sapiens,D_WC,620,728
P10071,Homo sapiens,D_WC,863,918
P10071,Homo sapiens,D_WC,981,1042
P10276,Homo sapiens,D_WC,52,77
P10276,Homo sapiens,D_WC,419,462
P10636,Homo sapiens,D_WC,1,573
P10636,Homo sapiens,D_WC,715,734
P11387,Homo sapiens,D_PA,1,199
P11388,Homo sapiens,D_PA,1090,1123
P11388,Homo sapiens,D_PA,1184,1531
P12270,Homo sapiens,D_WC,912,935
P12270,Homo sapiens,D_WC,1454,1474
P12270,Homo sapiens,D_WC,1619,1674
P12270,Homo sapiens,D_WC,1803,2134
P12270,Homo sapiens,D_WC,2227,2363
P15502,Homo sapiens,D_WC,615,645
P15927,Homo sapiens,D_WC,21,41
P16383,Homo sapiens,D_PA,1,228
P17480,Homo sapiens,D_WC,1,21
P17480,Homo sapiens,D_WC,381,411
P17480,Homo sapiens,D_PA,459,487
P17480,Homo sapiens,D_WC,546,576
P17480,Homo sapiens,D_NPE,648,764
P17600,Homo sapiens,D_WC,1,73
P17600,Homo sapiens,D_WC,418,689
P17676,Homo sapiens,D_WC,46,67
P17676,Homo sapiens,D_WC,79,116
P17676,Homo sapiens,D_WC,157,178
P17676,Homo sapiens,D_WC,218,271
P17844,Homo sapiens,D_WC,1,39
P17844,Homo sapiens,D_PA,477,504
P17931,Homo sapiens,D_WC,1,60
P18583,Homo sapiens,D_WC,24,56
P18583,Homo sapiens,D_PA,77,155
P18583,Homo sapiens,D_WC,305,328
P18583,Homo sapiens,D_WC,406,442
P18583,Homo sapiens,D_WC,1144,1236
P18583,Homo sapiens,D_WC,1645,1722
P18583,Homo sapiens,D_PA,1754,2054
P18583,Homo sapiens,D_PA,2200,2220
P19544,Homo sapiens,D_WC,48,84
P21359,Homo sapiens,D_WC,2787,2839
P22087,Homo sapiens,D_WC,1,87
P22626,Homo sapiens,D_WC,189,234
P22626,Homo sapiens,D_WC,306,353
P23246,Homo sapiens,D_WC,1,273
P23246,Homo sapiens,D_WC,579,707
P23396,Homo sapiens,D_WC,214,243
P23497,Homo sapiens,D_WC,154,245
P23497,Homo sapiens,D_WC,345,386
P23497,Homo sapiens,D_PA,401,596
P23497,Homo sapiens,D_PA,835,879
P23771,Homo sapiens,D_WC,1,29
P23771,Homo sapiens,D_WC,128,180
P23771,Homo sapiens,D_WC,194,216
P23771,Homo sapiens,D_PA,361,389
P23771,Homo sapiens,D_WC,414,443
P24928,Homo sapiens,D_WC,1546,1970
P25490,Homo sapiens,D_PA,33,81
P25490,Homo sapiens,D_WC,157,203
P26196,Homo sapiens,D_WC,1,40
P26368,Homo sapiens,D_PA,1,90
P26651,Homo sapiens,D_WC,13,66
P26651,Homo sapiens,D_WC,78,102
P26651,Homo sapiens,D_WC,175,245
P26651,Homo sapiens,D_WC,273,292
P27694,Homo sapiens,D_WC,121,154
P29375,Homo sapiens,D_NPE,1327,1348
P29375,Homo sapiens,D_WC,1407,1433
P29375,Homo sapiens,D_PA,1490,1509
P29375,Homo sapiens,D_PA,1516,1543
P29590,Homo sapiens,D_WC,1,48
P29590,Homo sapiens,D_WC,467,589
P31483,Homo sapiens,D_WC,354,386
P33076,Homo sapiens,D_WC,269,303
P33240,Homo sapiens,D_WC,206,243
P33240,Homo sapiens,D_WC,340,409
P33240,Homo sapiens,D_WC,508,532
P35637,Homo sapiens,D_WC,1,286
P35637,Homo sapiens,D_WC,375,424
P35637,Homo sapiens,D_PA,444,526
P36873,Homo sapiens,D_WC,302,323
P38159,Homo sapiens,D_WC,61,391
P38432,Homo sapiens,D_PA,125,330
P38432,Homo sapiens,D_WC,352,389
P39748,Homo sapiens,D_PA,327,380
P40337,Homo sapiens,D_PA,1,65
P41220,Homo sapiens,D_PA,14,33
P41220,Homo sapiens,D_WC,49,68
P42285,Homo sapiens,D_PA,16,74
P42858,Homo sapiens,D_WC,14,85
P42858,Homo sapiens,D_PA,447,469
P42858,Homo sapiens,D_WC,517,583
P42858,Homo sapiens,D_WC,653,672
P42858,Homo sapiens,D_WC,1176,1225
P42858,Homo sapiens,D_PA,2330,2351
P42858,Homo sapiens,D_PA,2633,2662
P43243,Homo sapiens,D_PA,146,174
P43243,Homo sapiens,D_WC,187,214
P43243,Homo sapiens,D_WC,342,394
P43243,Homo sapiens,D_PA,588,786
P45973,Homo sapiens,D_PA,70,117
P46013,Homo sapiens,D_PA,101,199
P46013,Homo sapiens,D_WC,271,426
P46013,Homo sapiens,D_PA,513,542
P46013,Homo sapiens,D_WC,575,632
P46013,Homo sapiens,D_PA,674,707
P46013,Homo sapiens,D_WC,853,886
P46013,Homo sapiens,D_PA,1045,1073
P46013,Homo sapiens,D_WC,1109,1151
P46013,Homo sapiens,D_WC,1246,1276
P46013,Homo sapiens,D_WC,1323,1518
P46013,Homo sapiens,D_WC,1597,1675
P46013,Homo sapiens,D_WC,1689,1708
P46013,Homo sapiens,D_WC,1717,1824
P46013,Homo sapiens,D_WC,1839,1886
P46013,Homo sapiens,D_WC,1961,2002
P46013,Homo sapiens,D_WC,2017,2192
P46013,Homo sapiens,D_WC,2205,2400
P46013,Homo sapiens,D_WC,2445,2480
P46013,Homo sapiens,D_WC,2497,2521
P46013,Homo sapiens,D_PA,2570,3256
P46100,Homo sapiens,D_WC,1,146
P46100,Homo sapiens,D_PA,445,516
P46100,Homo sapiens,D_WC,537,576
P46100,Homo sapiens,D_WC,593,614
P46100,Homo sapiens,D_PA,649,956
P46100,Homo sapiens,D_PA,968,1479
P46100,Homo sapiens,D_WC,1913,2000
P46100,Homo sapiens,D_WC,2462,2492
P46777,Homo sapiens,D_PA,253,297
P46783,Homo sapiens,D_PA,92,165
P48436,Homo sapiens,D_WC,1,67
P48436,Homo sapiens,D_WC,160,273
P48436,Homo sapiens,D_WC,330,415
P48436,Homo sapiens,D_WC,479,509
P48729,Homo sapiens,D_WC,309,337
P49711,Homo sapiens,D_PA,180,211
P49711,Homo sapiens,D_PA,573,717
P49715,Homo sapiens,D_WC,1,55
P49715,Homo sapiens,D_WC,178,201
P49715,Homo sapiens,D_WC,217,291
P49790,Homo sapiens,D_WC,1,37
P49790,Homo sapiens,D_WC,90,124
P49790,Homo sapiens,D_WC,171,225
P49790,Homo sapiens,D_WC,1128,1167
P49790,Homo sapiens,D_WC,1311,1402
P49790,Homo sapiens,D_WC,1420,1475
P49792,Homo sapiens,D_WC,760,802
P49792,Homo sapiens,D_PA,1138,1174
P49792,Homo sapiens,D_WC,1569,1595
P49792,Homo sapiens,D_WC,1633,1657
P49792,Homo sapiens,D_WC,1692,1716
P49792,Homo sapiens,D_WC,1903,1928
P49792,Homo sapiens,D_WC,2188,2224
P49792,Homo sapiens,D_WC,2273,2307
P49792,Homo sapiens,D_WC,2486,2509
P49792,Homo sapiens,D_WC,2556,2584
P49792,Homo sapiens,D_WC,2793,2818
P50222,Homo sapiens,D_WC,63,192
P50750,Homo sapiens,D_WC,343,372
P51531,Homo sapiens,D_WC,1,71
P51531,Homo sapiens,D_WC,95,176
P51531,Homo sapiens,D_WC,212,334
P51531,Homo sapiens,D_PA,551,592
P51531,Homo sapiens,D_NPE,627,672
P51531,Homo sapiens,D_PA,1344,1383
P51531,Homo sapiens,D_PA,1506,1590
P51532,Homo sapiens,D_WC,1,177
P51532,Homo sapiens,D_WC,198,352
P51532,Homo sapiens,D_PA,577,610
P51532,Homo sapiens,D_PA,647,699
P51532,Homo sapiens,D_PA,1254,1299
P51532,Homo sapiens,D_PA,1400,1460
P51532,Homo sapiens,D_PA,1564,1647
P51816,Homo sapiens,D_WC,94,187
P51816,Homo sapiens,D_WC,204,229
P51816,Homo sapiens,D_WC,377,417
P51816,Homo sapiens,D_WC,457,530
P51816,Homo sapiens,D_PA,574,726
P51816,Homo sapiens,D_PA,818,867
P51816,Homo sapiens,D_WC,881,942
P51991,Homo sapiens,D_PA,1,35
P51991,Homo sapiens,D_WC,204,225
P51991,Homo sapiens,D_WC,336,378
P52292,Homo sapiens,D_WC,1,27
P52292,Homo sapiens,D_WC,43,72
P52298,Homo sapiens,D_WC,124,156
P52824,Homo sapiens,D_WC,1,59
P52824,Homo sapiens,D_WC,269,295
P52824,Homo sapiens,D_PA,908,942
P52948,Homo sapiens,D_PA,512,535
P52948,Homo sapiens,D_WC,614,633
P52948,Homo sapiens,D_WC,662,682
P52948,Homo sapiens,D_WC,886,937
P54132,Homo sapiens,D_WC,1,21
P54132,Homo sapiens,D_PA,203,227
P54132,Homo sapiens,D_PA,250,291
P54132,Homo sapiens,D_WC,1289,1417
P55072,Homo sapiens,D_PA,708,727
P55072,Homo sapiens,D_WC,768,806
P55199,Homo sapiens,D_WC,296,417
P55199,Homo sapiens,D_WC,431,504
P55265,Homo sapiens,D_WC,208,238
P55265,Homo sapiens,D_WC,258,286
P55265,Homo sapiens,D_PA,574,610
P56182,Homo sapiens,D_PA,239,295
P56182,Homo sapiens,D_PA,354,461
P57052,Homo sapiens,D_WC,184,281
P57740,Homo sapiens,D_WC,20,66
P60484,Homo sapiens,D_PA,352,403
P61129,Homo sapiens,D_PA,1,105
P61129,Homo sapiens,D_WC,451,530
P61129,Homo sapiens,D_WC,630,659
P61129,Homo sapiens,D_WC,676,755
P61129,Homo sapiens,D_WC,947,1026
P61129,Homo sapiens,D_WC,1051,1189
P61978,Homo sapiens,D_PA,1,37
P61978,Homo sapiens,D_WC,250,329
P62140,Homo sapiens,D_WC,305,327
P62750,Homo sapiens,D_PPE,1,67
P78344,Homo sapiens,D_WC,1,71
P78344,Homo sapiens,D_WC,498,541
P78352,Homo sapiens,D_WC,15,35
P84103,Homo sapiens,D_PA,81,164
P98179,Homo sapiens,D_WC,81,157
Q00839,Homo sapiens,D_PA,41,281
Q00839,Homo sapiens,D_WC,671,749
Q00839,Homo sapiens,D_WC,768,799
Q00987,Homo sapiens,D_PA,141,187
Q00987,Homo sapiens,D_WC,211,237
Q00987,Homo sapiens,D_NPE,253,274
Q00987,Homo sapiens,D_PA,371,427
Q01081,Homo sapiens,D_PA,183,240
Q01085,Homo sapiens,D_WC,345,375
Q01130,Homo sapiens,D_PA,92,221
Q01826,Homo sapiens,D_WC,1,54
Q01826,Homo sapiens,D_WC,266,307
Q01826,Homo sapiens,D_WC,591,649
Q01844,Homo sapiens,D_WC,123,360
Q01844,Homo sapiens,D_WC,448,525
Q01844,Homo sapiens,D_WC,547,656
Q02040,Homo sapiens,D_PA,279,337
Q02040,Homo sapiens,D_PA,482,695
Q04206,Homo sapiens,D_WC,309,348
Q04206,Homo sapiens,D_WC,506,530
Q04637,Homo sapiens,D_WC,1,77
Q04637,Homo sapiens,D_WC,166,222
Q04637,Homo sapiens,D_WC,234,320
Q04637,Homo sapiens,D_WC,332,600
Q04637,Homo sapiens,D_WC,667,713
Q04637,Homo sapiens,D_PA,731,757
Q04637,Homo sapiens,D_WC,1024,1227
Q05066,Homo sapiens,D_WC,175,204
Q06265,Homo sapiens,D_PA,335,363
Q06265,Homo sapiens,D_PA,390,439
Q06587,Homo sapiens,D_WC,148,263
Q06587,Homo sapiens,D_WC,309,354
Q06787,Homo sapiens,D_WC,325,349
Q06787,Homo sapiens,D_PA,443,632
Q07021,Homo sapiens,D_WC,138,164
Q07352,Homo sapiens,D_WC,93,113
Q07352,Homo sapiens,D_WC,273,338
Q07666,Homo sapiens,D_WC,1,96
Q07666,Homo sapiens,D_WC,280,316
Q07666,Homo sapiens,D_WC,327,346
Q07666,Homo sapiens,D_WC,411,443
Q07889,Homo sapiens,D_WC,1019,1103
Q07889,Homo sapiens,D_WC,1129,1333
Q07955,Homo sapiens,D_WC,88,134
Q07955,Homo sapiens,D_PPE,191,248
Q08170,Homo sapiens,D_PA,72,95
Q08170,Homo sapiens,D_PA,169,494
Q09161,Homo sapiens,D_PA,1,26
Q0WX57,Homo sapiens,D_PA,382,412
Q0WX57,Homo sapiens,D_WC,477,530
Q12837,Homo sapiens,D_WC,26,93
Q12837,Homo sapiens,D_PPE,153,188
Q12888,Homo sapiens,D_WC,24,273
Q12888,Homo sapiens,D_WC,290,332
Q12888,Homo sapiens,D_WC,346,507
Q12888,Homo sapiens,D_WC,519,556
Q12888,Homo sapiens,D_PA,568,595
Q12888,Homo sapiens,D_PA,649,687
Q12888,Homo sapiens,D_WC,742,911
Q12888,Homo sapiens,D_WC,997,1028
Q12888,Homo sapiens,D_WC,1045,1103
Q12888,Homo sapiens,D_PA,1127,1148
Q12888,Homo sapiens,D_WC,1188,1232
Q12888,Homo sapiens,D_WC,1269,1478
Q12888,Homo sapiens,D_WC,1622,1719
Q12888,Homo sapiens,D_PA,1745,1768
Q12906,Homo sapiens,D_PA,50,86
Q12906,Homo sapiens,D_PA,363,401
Q12906,Homo sapiens,D_WC,466,525
Q12906,Homo sapiens,D_WC,625,660
Q12906,Homo sapiens,D_WC,718,894
Q13094,Homo sapiens,D_WC,78,417
Q13148,Homo sapiens,D_WC,261,303
Q13148,Homo sapiens,D_WC,341,373
Q13151,Homo sapiens,D_WC,174,214
Q13151,Homo sapiens,D_WC,262,305
Q13247,Homo sapiens,D_WC,75,103
Q13247,Homo sapiens,D_PA,176,344
Q13283,Homo sapiens,D_NPE,144,172
Q13283,Homo sapiens,D_PA,184,243
Q13283,Homo sapiens,D_WC,255,329
Q13283,Homo sapiens,D_WC,413,466
Q13342,Homo sapiens,D_PA,260,341
Q13342,Homo sapiens,D_PA,365,432
Q13342,Homo sapiens,D_PA,486,580
Q13427,Homo sapiens,D_PA,182,754
Q13428,Homo sapiens,D_WC,57,1288
Q13428,Homo sapiens,D_PA,1322,1488
Q13435,Homo sapiens,D_WC,1,24
Q13435,Homo sapiens,D_WC,65,136
Q13435,Homo sapiens,D_WC,197,373
Q13435,Homo sapiens,D_PA,400,453
Q13435,Homo sapiens,D_PA,691,757
Q13435,Homo sapiens,D_PA,844,895
Q13501,Homo sapiens,D_WC,196,236
Q13501,Homo sapiens,D_WC,264,390
Q13526,Homo sapiens,D_WC,33,54
Q13610,Homo sapiens,D_PA,38,89
Q13627,Homo sapiens,D_WC,32,57
Q13627,Homo sapiens,D_PA,115,136
Q13627,Homo sapiens,D_PA,408,442
Q13627,Homo sapiens,D_WC,485,540
Q13627,Homo sapiens,D_WC,596,679
Q13627,Homo sapiens,D_WC,744,763
Q13761,Homo sapiens,D_WC,1,48
Q13761,Homo sapiens,D_WC,176,266
Q13761,Homo sapiens,D_WC,375,415
Q13823,Homo sapiens,D_WC,1,33
Q13823,Homo sapiens,D_WC,481,502
Q13823,Homo sapiens,D_NPE,555,594
Q13823,Homo sapiens,D_PA,630,731
Q13895,Homo sapiens,D_PA,1,105
Q14004,Homo sapiens,D_WC,1,20
Q14004,Homo sapiens,D_WC,30,60
Q14004,Homo sapiens,D_WC,75,545
Q14004,Homo sapiens,D_PA,566,596
Q14004,Homo sapiens,D_PA,654,685
Q14004,Homo sapiens,D_WC,1025,1084
Q14004,Homo sapiens,D_WC,1138,1170
Q14004,Homo sapiens,D_WC,1201,1231
Q14004,Homo sapiens,D_WC,1245,1273
Q14004,Homo sapiens,D_WC,1379,1400
Q14004,Homo sapiens,D_WC,1468,1512
Q14011,Homo sapiens,D_WC,69,172
Q14103,Homo sapiens,D_WC,1,92
Q14149,Homo sapiens,D_WC,524,545
Q14149,Homo sapiens,D_WC,613,640
Q14151,Homo sapiens,D_WC,1,29
Q14151,Homo sapiens,D_PA,91,114
Q14151,Homo sapiens,D_PA,219,404
Q14151,Homo sapiens,D_PA,525,665
Q14151,Homo sapiens,D_PA,684,953
Q14152,Homo sapiens,D_PA,810,844
Q14152,Homo sapiens,D_PA,866,1382
Q14157,Homo sapiens,D_WC,1,33
Q14157,Homo sapiens,D_PA,92,234
Q14157,Homo sapiens,D_WC,377,420
Q14157,Homo sapiens,D_WC,440,493
Q14157,Homo sapiens,D_WC,530,656
Q14157,Homo sapiens,D_WC,669,794
Q14157,Homo sapiens,D_WC,865,901
Q14157,Homo sapiens,D_WC,1040,1087
Q14191,Homo sapiens,D_NPE,498,529
Q14207,Homo sapiens,D_WC,199,231
Q14207,Homo sapiens,D_WC,628,669
Q14207,Homo sapiens,D_WC,683,732
Q14207,Homo sapiens,D_WC,1095,1121
Q14207,Homo sapiens,D_WC,1133,1152
Q14207,Homo sapiens,D_WC,1253,1327
Q14207,Homo sapiens,D_PA,1348,1413
Q14596,Homo sapiens,D_NPE,699,728
Q14596,Homo sapiens,D_WC,750,793
Q14596,Homo sapiens,D_PA,848,879
Q14671,Homo sapiens,D_WC,22,73
Q14671,Homo sapiens,D_PA,233,272
Q14671,Homo sapiens,D_WC,485,524
Q14671,Homo sapiens,D_WC,613,648
Q14671,Homo sapiens,D_WC,742,773
Q14676,Homo sapiens,D_NPE,1,22
Q14676,Homo sapiens,D_WC,185,248
Q14676,Homo sapiens,D_PA,261,280
Q14676,Homo sapiens,D_PA,286,317
Q14676,Homo sapiens,D_PA,482,515
Q14676,Homo sapiens,D_PA,653,689
Q14676,Homo sapiens,D_WC,780,1887
Q14684,Homo sapiens,D_PA,259,285
Q14684,Homo sapiens,D_WC,381,598
Q14684,Homo sapiens,D_WC,660,681
Q14684,Homo sapiens,D_WC,707,758
Q14764,Homo sapiens,D_WC,856,893
Q14781,Homo sapiens,D_PA,60,204
Q14781,Homo sapiens,D_WC,296,348
Q14781,Homo sapiens,D_WC,379,493
Q14966,Homo sapiens,D_WC,1,45
Q14966,Homo sapiens,D_PA,465,638
Q14966,Homo sapiens,D_PA,835,861
Q14966,Homo sapiens,D_WC,1094,1148
Q14966,Homo sapiens,D_PA,1294,1340
Q14966,Homo sapiens,D_WC,1354,1532
Q14966,Homo sapiens,D_PA,1793,1823
Q14966,Homo sapiens,D_PA,1867,1916
Q14966,Homo sapiens,D_PA,1946,1978
Q14978,Homo sapiens,D_PA,65,637
Q15007,Homo sapiens,D_WC,240,396
Q15020,Homo sapiens,D_PA,1,36
Q15020,Homo sapiens,D_WC,50,90
Q15020,Homo sapiens,D_PA,590,694
Q15020,Homo sapiens,D_WC,878,898
Q15020,Homo sapiens,D_WC,920,948
Q15056,Homo sapiens,D_WC,1,41
Q15056,Homo sapiens,D_WC,121,248
Q15061,Homo sapiens,D_WC,414,445
Q15061,Homo sapiens,D_NPE,582,677
Q15233,Homo sapiens,D_WC,1,51
Q15233,Homo sapiens,D_WC,443,471
Q15397,Homo sapiens,D_PA,1,124
Q15424,Homo sapiens,D_WC,1,33
Q15424,Homo sapiens,D_PA,64,118
Q15424,Homo sapiens,D_PA,221,407
Q15424,Homo sapiens,D_PA,477,641
Q15424,Homo sapiens,D_PA,671,708
Q15424,Homo sapiens,D_PA,749,915
Q15648,Homo sapiens,D_WC,609,706
Q15648,Homo sapiens,D_WC,792,820
Q15648,Homo sapiens,D_WC,874,893
Q15648,Homo sapiens,D_WC,947,1566
Q15723,Homo sapiens,D_PA,146,201
Q15811,Homo sapiens,D_PA,322,348
Q15811,Homo sapiens,D_PA,650,701
Q15811,Homo sapiens,D_WC,836,868
Q16198,Homo sapiens,D_WC,1,39
Q16236,Homo sapiens,D_WC,334,449
Q16236,Homo sapiens,D_WC,571,605
Q16533,Homo sapiens,D_PA,224,257
Q16533,Homo sapiens,D_PA,275,368
Q16630,Homo sapiens,D_WC,169,411
Q16630,Homo sapiens,D_PA,477,551
Q16637,Homo sapiens,D_WC,1,32
Q16637,Homo sapiens,D_PA,59,88
Q16637,Homo sapiens,D_WC,156,222
Q16790,Homo sapiens,D_PA,42,154
Q32P51,Homo sapiens,D_WC,181,216
Q32P51,Homo sapiens,D_WC,271,320
Q3ZCQ8,Homo sapiens,D_WC,25,60
Q53GS7,Homo sapiens,D_WC,63,121
Q53GS7,Homo sapiens,D_PA,332,375
Q53HL2,Homo sapiens,D_PA,130,169
Q58A45,Homo sapiens,D_WC,102,147
Q58A45,Homo sapiens,D_WC,284,307
Q58A45,Homo sapiens,D_WC,325,392
Q5C9Z4,Homo sapiens,D_PA,1,172
Q5C9Z4,Homo sapiens,D_WC,191,211
Q5C9Z4,Homo sapiens,D_PA,225,339
Q5F1R6,Homo sapiens,D_NPE,279,311
Q5F1R6,Homo sapiens,D_PA,327,474
Q5F1R6,Homo sapiens,D_WC,502,531
Q5FBB7,Homo sapiens,D_PA,260,331
Q5FBB7,Homo sapiens,D_WC,348,441
Q5HY92,Homo sapiens,D_WC,89,111
Q5HY92,Homo sapiens,D_WC,196,237
Q5HY92,Homo sapiens,D_WC,258,290
Q5HY92,Homo sapiens,D_WC,339,457
Q5HYJ3,Homo sapiens,D_PA,144,243
Q5JVS0,Homo sapiens,D_PA,42,206
Q5JVS0,Homo sapiens,D_WC,227,320
Q5JVS0,Homo sapiens,D_WC,360,413
Q5SY16,Homo sapiens,D_WC,69,101
Q5SY16,Homo sapiens,D_PA,680,702
Q5T5X7,Homo sapiens,D_WC,164,184
Q5T5X7,Homo sapiens,D_WC,483,504
Q5TGY3,Homo sapiens,D_WC,19,108
Q5TGY3,Homo sapiens,D_WC,150,236
Q5TGY3,Homo sapiens,D_WC,264,285
Q5TGY3,Homo sapiens,D_WC,394,467
Q5TGY3,Homo sapiens,D_PA,581,607
Q5TGY3,Homo sapiens,D_WC,717,792
Q5TGY3,Homo sapiens,D_WC,806,827
Q5TGY3,Homo sapiens,D_WC,1159,1198
Q5TGY3,Homo sapiens,D_WC,1253,1286
Q5TGY3,Homo sapiens,D_WC,1503,1533
Q5U5Q3,Homo sapiens,D_WC,1,140
Q5U5Q3,Homo sapiens,D_WC,513,569
Q5W0Q7,Homo sapiens,D_WC,145,168
Q5W0Q7,Homo sapiens,D_WC,185,207
Q5W0Q7,Homo sapiens,D_WC,713,749
Q5W0Q7,Homo sapiens,D_WC,797,859
Q5W0Q7,Homo sapiens,D_WC,904,930
Q66PJ3,Homo sapiens,D_WC,38,80
Q66PJ3,Homo sapiens,D_PA,120,345
Q6IMN6,Homo sapiens,D_WC,67,108
Q6IMN6,Homo sapiens,D_WC,382,614
Q6IMN6,Homo sapiens,D_WC,642,753
Q6IMN6,Homo sapiens,D_WC,922,975
Q6NT76,Homo sapiens,D_WC,56,139
Q6NT76,Homo sapiens,D_PA,353,385
Q6P2E9,Homo sapiens,D_WC,23,42
Q6P2E9,Homo sapiens,D_WC,545,565
Q6P2E9,Homo sapiens,D_WC,603,628
Q6P2E9,Homo sapiens,D_WC,662,702
Q6P2E9,Homo sapiens,D_WC,717,741
Q6P2E9,Homo sapiens,D_WC,778,808
Q6P2E9,Homo sapiens,D_PA,868,946
Q6P2H3,Homo sapiens,D_WC,1,28
Q6P2H3,Homo sapiens,D_WC,94,119
Q6P2H3,Homo sapiens,D_WC,259,278
Q6P2H3,Homo sapiens,D_PA,443,474
Q6P2H3,Homo sapiens,D_PA,541,570
Q6P6C2,Homo sapiens,D_WC,1,26
Q6P6C2,Homo sapiens,D_PA,48,83
Q6P6C2,Homo sapiens,D_PA,299,394
Q6PCD5,Homo sapiens,D_WC,95,116
Q6PCD5,Homo sapiens,D_WC,138,225
Q6PCD5,Homo sapiens,D_WC,257,280
Q6PJT7,Homo sapiens,D_WC,77,145
Q6PJT7,Homo sapiens,D_PA,310,350
Q6PJT7,Homo sapiens,D_WC,398,430
Q6RFH5,Homo sapiens,D_PA,323,345
Q6RFH5,Homo sapiens,D_WC,360,385
Q6VMQ6,Homo sapiens,D_WC,104,223
Q6VMQ6,Homo sapiens,D_PA,235,402
Q6VMQ6,Homo sapiens,D_PA,454,570
Q6VMQ6,Homo sapiens,D_PA,658,685
Q6VMQ6,Homo sapiens,D_WC,822,862
Q6VMQ6,Homo sapiens,D_WC,886,906
Q6VMQ6,Homo sapiens,D_WC,918,1026
Q6VMQ6,Homo sapiens,D_WC,1115,1160
Q6ZMT4,Homo sapiens,D_PA,597,633
Q6ZMT4,Homo sapiens,D_PA,677,700
Q6ZMT4,Homo sapiens,D_WC,819,921
Q6ZN04,Homo sapiens,D_WC,1,31
Q6ZN04,Homo sapiens,D_WC,252,296
Q6ZN04,Homo sapiens,D_WC,338,365
Q6ZN04,Homo sapiens,D_WC,482,514
Q6ZN17,Homo sapiens,D_WC,1,26
Q6ZN17,Homo sapiens,D_WC,98,126
Q6ZN17,Homo sapiens,D_WC,169,250
Q71RC2,Homo sapiens,D_WC,374,477
Q71RC2,Homo sapiens,D_WC,568,600
Q71RC2,Homo sapiens,D_WC,623,724
Q75N03,Homo sapiens,D_WC,1,61
Q75N03,Homo sapiens,D_WC,255,491
Q76FK4,Homo sapiens,D_WC,223,305
Q76FK4,Homo sapiens,D_WC,435,470
Q76FK4,Homo sapiens,D_WC,499,533
Q76FK4,Homo sapiens,D_PA,590,908
Q76FK4,Homo sapiens,D_PA,932,982
Q76FK4,Homo sapiens,D_PA,1006,1026
Q76FK4,Homo sapiens,D_PA,1071,1105
Q76FK4,Homo sapiens,D_PPE,1145,1167
Q7L014,Homo sapiens,D_PA,1,228
Q7Z2E3,Homo sapiens,D_WC,122,167
Q7Z417,Homo sapiens,D_PA,1,100
Q7Z417,Homo sapiens,D_WC,155,189
Q7Z417,Homo sapiens,D_PA,204,234
Q7Z417,Homo sapiens,D_WC,261,341
Q7Z417,Homo sapiens,D_WC,369,402
Q7Z5Q1,Homo sapiens,D_WC,1,103
Q7Z5Q1,Homo sapiens,D_WC,118,140
Q7Z6G8,Homo sapiens,D_WC,296,325
Q7Z6G8,Homo sapiens,D_WC,367,400
Q7Z6G8,Homo sapiens,D_WC,474,514
Q7Z6G8,Homo sapiens,D_WC,558,623
Q7Z6G8,Homo sapiens,D_WC,749,777
Q7Z6G8,Homo sapiens,D_WC,944,989
Q7Z6G8,Homo sapiens,D_PA,1197,1248
Q7Z739,Homo sapiens,D_WC,1,52
Q7Z739,Homo sapiens,D_WC,243,277
Q7Z739,Homo sapiens,D_WC,303,351
Q86SG3,Homo sapiens,D_WC,1,27
Q86SG3,Homo sapiens,D_WC,163,192
Q86U42,Homo sapiens,D_WC,1,115
Q86U44,Homo sapiens,D_WC,1,70
Q86U44,Homo sapiens,D_PA,198,219
Q86V81,Homo sapiens,D_WC,1,89
Q86V81,Homo sapiens,D_WC,187,257
Q86WX3,Homo sapiens,D_WC,13,58
Q86YP4,Homo sapiens,D_PA,1,59
Q86YP4,Homo sapiens,D_WC,73,119
Q86YP4,Homo sapiens,D_WC,172,238
Q86YP4,Homo sapiens,D_WC,561,585
Q86YR5,Homo sapiens,D_PA,391,412
Q86YR5,Homo sapiens,D_PA,424,492
Q86YR5,Homo sapiens,D_WC,610,630
Q86YR5,Homo sapiens,D_WC,644,675
Q8IU60,Homo sapiens,D_WC,246,266
Q8IU60,Homo sapiens,D_WC,313,344
Q8IV48,Homo sapiens,D_WC,1,48
Q8IY18,Homo sapiens,D_WC,1,43
Q8IY81,Homo sapiens,D_NPE,332,370
Q8IY81,Homo sapiens,D_PA,457,510
Q8IY81,Homo sapiens,D_PA,558,652
Q8IY81,Homo sapiens,D_PPE,811,847
Q8IYB3,Homo sapiens,D_PA,139,904
Q8IYB7,Homo sapiens,D_WC,1,45
Q8IYB7,Homo sapiens,D_PA,860,885
Q8IYW5,Homo sapiens,D_PA,151,174
Q8IYW5,Homo sapiens,D_WC,191,292
Q8IYW5,Homo sapiens,D_PA,390,422
Q8IYW5,Homo sapiens,D_PA,459,560
Q8IZD2,Homo sapiens,D_PA,217,269
Q8IZD2,Homo sapiens,D_PA,475,530
Q8IZD2,Homo sapiens,D_PA,630,687
Q8IZD2,Homo sapiens,D_WC,887,960
Q8IZD2,Homo sapiens,D_WC,1039,1068
Q8IZD2,Homo sapiens,D_WC,1164,1561
Q8IZD2,Homo sapiens,D_WC,1581,1835
Q8IZD4,Homo sapiens,D_WC,195,222
Q8IZD4,Homo sapiens,D_WC,243,266
Q8IZD4,Homo sapiens,D_WC,362,426
Q8IZH2,Homo sapiens,D_WC,1619,1706
Q8IZL2,Homo sapiens,D_WC,81,165
Q8IZL2,Homo sapiens,D_WC,340,359
Q8IZL2,Homo sapiens,D_WC,369,506
Q8IZL2,Homo sapiens,D_WC,531,628
Q8IZL2,Homo sapiens,D_WC,658,680
Q8IZL2,Homo sapiens,D_WC,705,743
Q8IZL2,Homo sapiens,D_WC,784,820
Q8IZL2,Homo sapiens,D_WC,1059,1100
Q8IZL8,Homo sapiens,D_WC,473,497
Q8IZL8,Homo sapiens,D_WC,639,1130
Q8IZU1,Homo sapiens,D_PA,1,114
Q8IZU1,Homo sapiens,D_NPE,186,293
Q8N163,Homo sapiens,D_WC,1,35
Q8N163,Homo sapiens,D_PA,178,218
Q8N163,Homo sapiens,D_WC,446,510
Q8N163,Homo sapiens,D_PA,568,643
Q8N2W9,Homo sapiens,D_PA,443,510
Q8N3Z6,Homo sapiens,D_PA,51,71
Q8N3Z6,Homo sapiens,D_PA,414,543
Q8N567,Homo sapiens,D_WC,1,40
Q8N684,Homo sapiens,D_WC,33,69
Q8N684,Homo sapiens,D_WC,176,220
Q8N684,Homo sapiens,D_PA,409,471
Q8N726,Homo sapiens,D_WC,56,132
Q8N884,Homo sapiens,D_WC,1,144
Q8NCA5,Homo sapiens,D_WC,297,415
Q8NCA5,Homo sapiens,D_WC,434,518
Q8ND56,Homo sapiens,D_WC,146,288
Q8ND56,Homo sapiens,D_PA,322,359
Q8ND56,Homo sapiens,D_WC,398,444
Q8NDF8,Homo sapiens,D_WC,1,105
Q8NDF8,Homo sapiens,D_WC,435,572
Q8NDT2,Homo sapiens,D_WC,1,133
Q8NDT2,Homo sapiens,D_WC,219,253
Q8NDT2,Homo sapiens,D_PA,547,705
Q8NDV7,Homo sapiens,D_WC,1,152
Q8NDV7,Homo sapiens,D_WC,172,293
Q8NDV7,Homo sapiens,D_WC,435,454
Q8NDV7,Homo sapiens,D_WC,494,516
Q8NDV7,Homo sapiens,D_WC,560,699
Q8NDV7,Homo sapiens,D_WC,718,809
Q8NDV7,Homo sapiens,D_WC,821,1141
Q8NDV7,Homo sapiens,D_WC,1158,1195
Q8NDV7,Homo sapiens,D_WC,1249,1272
Q8NDV7,Homo sapiens,D_WC,1323,1370
Q8NDV7,Homo sapiens,D_WC,1424,1456
Q8NDV7,Homo sapiens,D_WC,1577,1635
Q8NDV7,Homo sapiens,D_WC,1724,1749
Q8NE35,Homo sapiens,D_WC,1,114
Q8NE35,Homo sapiens,D_WC,158,208
Q8NEJ9,Homo sapiens,D_PA,124,169
Q8NEJ9,Homo sapiens,D_PA,277,315
Q8NG66,Homo sapiens,D_PA,398,445
Q8NHM5,Homo sapiens,D_PA,1,25
Q8NHM5,Homo sapiens,D_PA,410,465
Q8NHM5,Homo sapiens,D_PA,727,843
Q8NHM5,Homo sapiens,D_PA,855,1034
Q8TBZ6,Homo sapiens,D_PA,1,90
Q8TBZ6,Homo sapiens,D_PA,282,339
Q8TC56,Homo sapiens,D_WC,234,265
Q8TC56,Homo sapiens,D_PA,407,529
Q8TD16,Homo sapiens,D_WC,311,330
Q8TD16,Homo sapiens,D_PA,398,425
Q8TD16,Homo sapiens,D_WC,559,622
Q8TD16,Homo sapiens,D_WC,804,824
Q8TEQ6,Homo sapiens,D_PA,715,790
Q8TEQ6,Homo sapiens,D_WC,1313,1343
Q8TEQ6,Homo sapiens,D_WC,1389,1428
Q8TF01,Homo sapiens,D_WC,74,331
Q8TF01,Homo sapiens,D_PA,382,805
Q8WUM0,Homo sapiens,D_WC,1,39
Q8WV24,Homo sapiens,D_PA,39,67
Q8WV24,Homo sapiens,D_WC,190,222
Q8WV24,Homo sapiens,D_WC,293,401
Q8WWM7,Homo sapiens,D_WC,1,115
Q8WWM7,Homo sapiens,D_WC,316,521
Q8WWM7,Homo sapiens,D_WC,551,697
Q8WWM7,Homo sapiens,D_WC,733,770
Q8WWM7,Homo sapiens,D_WC,820,849
Q8WWM7,Homo sapiens,D_WC,865,940
Q8WWM7,Homo sapiens,D_WC,1022,1045
Q8WWY3,Homo sapiens,D_NPE,1,37
Q8WWY3,Homo sapiens,D_WC,334,357
Q8WXF1,Homo sapiens,D_WC,460,523
Q8WXF8,Homo sapiens,D_WC,104,194
Q8WXI9,Homo sapiens,D_PA,62,123
Q8WXI9,Homo sapiens,D_WC,213,235
Q8WYP5,Homo sapiens,D_WC,1207,1226
Q8WYP5,Homo sapiens,D_WC,1280,1357
Q8WYP5,Homo sapiens,D_WC,1750,1779
Q8WYP5,Homo sapiens,D_WC,1795,1853
Q8WYP5,Homo sapiens,D_PA,1907,2129
Q8WYP5,Homo sapiens,D_WC,2151,2266
Q92585,Homo sapiens,D_WC,65,184
Q92585,Homo sapiens,D_WC,263,487
Q92585,Homo sapiens,D_WC,561,617
Q92585,Homo sapiens,D_WC,658,681
Q92585,Homo sapiens,D_WC,796,953
Q92766,Homo sapiens,D_WC,25,63
Q92766,Homo sapiens,D_PA,145,197
Q92766,Homo sapiens,D_WC,939,1008
Q92766,Homo sapiens,D_WC,1084,1177
Q92766,Homo sapiens,D_PA,1192,1233
Q92766,Homo sapiens,D_PA,1286,1362
Q92766,Homo sapiens,D_PA,1409,1513
Q92766,Homo sapiens,D_PA,1524,1543
Q92766,Homo sapiens,D_PA,1558,1687
Q92777,Homo sapiens,D_WC,16,84
Q92777,Homo sapiens,D_WC,420,545
Q92804,Homo sapiens,D_WC,1,237
Q92804,Homo sapiens,D_WC,324,356
Q92804,Homo sapiens,D_WC,373,592
Q92841,Homo sapiens,D_WC,20,115
Q92841,Homo sapiens,D_WC,551,623
Q92841,Homo sapiens,D_WC,659,729
Q92966,Homo sapiens,D_WC,1,22
Q92966,Homo sapiens,D_WC,63,82
Q92973,Homo sapiens,D_NPE,347,374
Q92979,Homo sapiens,D_WC,1,34
Q92993,Homo sapiens,D_WC,69,106
Q92993,Homo sapiens,D_WC,122,220
Q969G3,Homo sapiens,D_WC,1,23
Q969G3,Homo sapiens,D_WC,42,70
Q969G3,Homo sapiens,D_PA,153,175
Q969G3,Homo sapiens,D_PA,296,411
Q969H0,Homo sapiens,D_PA,1,151
Q969K3,Homo sapiens,D_PA,194,253
Q96AY2,Homo sapiens,D_PA,1,42
Q96AY2,Homo sapiens,D_PA,187,233
Q96AY2,Homo sapiens,D_WC,372,400
Q96CJ1,Homo sapiens,D_WC,116,154
Q96CJ1,Homo sapiens,D_WC,170,234
Q96EB6,Homo sapiens,D_WC,1,135
Q96EB6,Homo sapiens,D_WC,523,549
Q96EB6,Homo sapiens,D_PA,562,587
Q96EB6,Homo sapiens,D_WC,663,726
Q96EP1,Homo sapiens,D_WC,1,21
Q96EP1,Homo sapiens,D_WC,142,267
Q96EP1,Homo sapiens,D_PA,388,417
Q96EP1,Homo sapiens,D_WC,439,461
Q96EP5,Homo sapiens,D_WC,74,117
Q96EP5,Homo sapiens,D_WC,185,407
Q96EU6,Homo sapiens,D_WC,1,38
Q96EU6,Homo sapiens,D_PA,233,259
Q96EV8,Homo sapiens,D_WC,285,351
Q96EZ8,Homo sapiens,D_WC,1,130
Q96F86,Homo sapiens,D_WC,95,192
Q96FC9,Homo sapiens,D_PA,289,312
Q96FC9,Homo sapiens,D_WC,818,849
Q96GC6,Homo sapiens,D_WC,139,159
Q96GC6,Homo sapiens,D_WC,339,359
Q96GC6,Homo sapiens,D_PA,388,415
Q96GC6,Homo sapiens,D_PA,448,485
Q96GC6,Homo sapiens,D_PPE,632,653
Q96GD4,Homo sapiens,D_WC,1,22
Q96GM8,Homo sapiens,D_WC,1,23
Q96GM8,Homo sapiens,D_PA,332,402
Q96GM8,Homo sapiens,D_WC,416,435
Q96GM8,Homo sapiens,D_WC,491,510
Q96GQ7,Homo sapiens,D_PA,43,83
Q96GQ7,Homo sapiens,D_PA,111,179
Q96GQ7,Homo sapiens,D_PA,715,796
Q96HA1,Homo sapiens,D_WC,1,27
Q96HA1,Homo sapiens,D_WC,136,220
Q96HA1,Homo sapiens,D_WC,319,530
Q96HA1,Homo sapiens,D_WC,602,776
Q96HA1,Homo sapiens,D_WC,959,986
Q96HA1,Homo sapiens,D_PPE,1226,1249
Q96HI0,Homo sapiens,D_WC,268,321
Q96J87,Homo sapiens,D_WC,1,34
Q96JC9,Homo sapiens,D_WC,106,268
Q96JK9,Homo sapiens,D_WC,37,68
Q96JK9,Homo sapiens,D_WC,119,148
Q96JK9,Homo sapiens,D_WC,169,188
Q96JK9,Homo sapiens,D_WC,207,243
Q96JK9,Homo sapiens,D_WC,334,480
Q96JK9,Homo sapiens,D_WC,503,547
Q96JK9,Homo sapiens,D_WC,615,662
Q96JK9,Homo sapiens,D_WC,691,721
Q96JK9,Homo sapiens,D_WC,968,991
Q96JK9,Homo sapiens,D_WC,1024,1085
Q96JK9,Homo sapiens,D_WC,1090,1109
Q96LA8,Homo sapiens,D_PA,1,38
Q96MU7,Homo sapiens,D_PA,1,338
Q96MU7,Homo sapiens,D_PA,508,564
Q96MU7,Homo sapiens,D_WC,607,643
Q96MU7,Homo sapiens,D_PA,669,727
Q96NY9,Homo sapiens,D_WC,84,130
Q96PK6,Homo sapiens,D_WC,147,175
Q96PK6,Homo sapiens,D_WC,193,232
Q96PK6,Homo sapiens,D_WC,284,303
Q96PK6,Homo sapiens,D_WC,566,590
Q96PM9,Homo sapiens,D_WC,90,193
Q96PM9,Homo sapiens,D_PA,279,309
Q96PV0,Homo sapiens,D_WC,92,129
Q96PV0,Homo sapiens,D_WC,373,394
Q96PV0,Homo sapiens,D_WC,725,753
Q96PV0,Homo sapiens,D_WC,781,805
Q96PV0,Homo sapiens,D_WC,933,1017
Q96PV0,Homo sapiens,D_WC,1033,1154
Q96PV0,Homo sapiens,D_WC,1274,1343
Q96Q89,Homo sapiens,D_PA,829,866
Q96Q89,Homo sapiens,D_PA,1247,1275
Q96Q89,Homo sapiens,D_PA,1760,1781
Q96QD9,Homo sapiens,D_WC,1,25
Q96QD9,Homo sapiens,D_WC,79,100
Q96RS0,Homo sapiens,D_WC,53,80
Q96RS0,Homo sapiens,D_PA,149,187
Q96RS0,Homo sapiens,D_WC,334,461
Q96RS0,Homo sapiens,D_PA,527,632
Q96S94,Homo sapiens,D_PA,316,520
Q96SB8,Homo sapiens,D_PA,1,34
Q96SB8,Homo sapiens,D_PA,806,828
Q96SB8,Homo sapiens,D_PA,1072,1091
Q96SQ7,Homo sapiens,D_WC,59,223
Q96ST3,Homo sapiens,D_WC,1,23
Q96ST3,Homo sapiens,D_WC,87,110
Q96ST3,Homo sapiens,D_WC,205,298
Q96ST3,Homo sapiens,D_WC,398,446
Q96ST3,Homo sapiens,D_PA,1136,1156
Q96T37,Homo sapiens,D_WC,1,167
Q96T37,Homo sapiens,D_WC,256,298
Q96T37,Homo sapiens,D_PA,555,778
Q96T37,Homo sapiens,D_WC,865,884
Q99459,Homo sapiens,D_PA,108,143
Q99459,Homo sapiens,D_PA,247,278
Q99459,Homo sapiens,D_WC,408,443
Q99607,Homo sapiens,D_PA,140,203
Q99607,Homo sapiens,D_WC,302,353
Q99607,Homo sapiens,D_WC,493,518
Q99607,Homo sapiens,D_WC,582,605
Q99607,Homo sapiens,D_WC,635,663
Q99700,Homo sapiens,D_WC,1,255
Q99700,Homo sapiens,D_WC,459,954
Q99700,Homo sapiens,D_WC,1137,1219
Q99729,Homo sapiens,D_WC,1,66
Q99729,Homo sapiens,D_WC,235,268
Q99729,Homo sapiens,D_WC,311,332
Q99848,Homo sapiens,D_WC,1,20
Q99848,Homo sapiens,D_WC,77,99
Q99848,Homo sapiens,D_PA,213,306
Q99996,Homo sapiens,D_PA,1,57
Q99996,Homo sapiens,D_PA,1682,1713
Q99996,Homo sapiens,D_PA,3377,3405
Q9BRP8,Homo sapiens,D_WC,1,32
Q9BRP8,Homo sapiens,D_WC,55,151
Q9BSJ6,Homo sapiens,D_WC,1,32
Q9BSJ6,Homo sapiens,D_PA,117,205
Q9BUJ2,Homo sapiens,D_PA,35,205
Q9BUJ2,Homo sapiens,D_WC,595,811
Q9BUR4,Homo sapiens,D_WC,1,142
Q9BUR4,Homo sapiens,D_WC,526,548
Q9BUT9,Homo sapiens,D_WC,1,64
Q9BVP2,Homo sapiens,D_PPE,1,56
Q9BVP2,Homo sapiens,D_PA,73,104
Q9BVP2,Homo sapiens,D_PA,474,532
Q9BWG6,Homo sapiens,D_PA,76,106
Q9BWG6,Homo sapiens,D_WC,129,186
Q9BWG6,Homo sapiens,D_PA,200,230
Q9BXS6,Homo sapiens,D_PA,47,186
Q9BXS6,Homo sapiens,D_WC,216,267
Q9BXS6,Homo sapiens,D_PA,286,319
Q9BXS6,Homo sapiens,D_PA,401,427
Q9BY44,Homo sapiens,D_WC,434,534
Q9BYB0,Homo sapiens,D_WC,407,467
Q9BYB0,Homo sapiens,D_PA,665,689
Q9BYB0,Homo sapiens,D_WC,760,853
Q9BYB0,Homo sapiens,D_WC,871,1021
Q9BYB0,Homo sapiens,D_WC,1115,1460
Q9BYB0,Homo sapiens,D_WC,1475,1525
Q9BYB0,Homo sapiens,D_WC,1546,1584
Q9BYB0,Homo sapiens,D_WC,1627,1664
Q9BYJ9,Homo sapiens,D_WC,1,50
Q9BYJ9,Homo sapiens,D_WC,238,363
Q9BZB8,Homo sapiens,D_WC,162,195
Q9BZC1,Homo sapiens,D_WC,18,39
Q9BZC1,Homo sapiens,D_WC,121,149
Q9BZE4,Homo sapiens,D_PA,495,517
Q9BZE4,Homo sapiens,D_PA,529,634
Q9BZJ0,Homo sapiens,D_PA,81,106
Q9BZJ0,Homo sapiens,D_PA,827,848
Q9C086,Homo sapiens,D_PA,1,71
Q9C086,Homo sapiens,D_PA,124,150
Q9C086,Homo sapiens,D_WC,246,269
Q9C086,Homo sapiens,D_WC,286,310
Q9GZL7,Homo sapiens,D_PA,220,242
Q9GZS1,Homo sapiens,D_WC,397,419
Q9H089,Homo sapiens,D_PA,1,31
Q9H089,Homo sapiens,D_PA,250,355
Q9H089,Homo sapiens,D_PA,623,658
Q9H0A0,Homo sapiens,D_PPE,990,1025
Q9H0D6,Homo sapiens,D_WC,408,508
Q9H0D6,Homo sapiens,D_WC,911,950
Q9H0G5,Homo sapiens,D_PA,21,54
Q9H0G5,Homo sapiens,D_PA,204,534
Q9H0L4,Homo sapiens,D_WC,203,241
Q9H0L4,Homo sapiens,D_WC,262,418
Q9H0L4,Homo sapiens,D_WC,542,573
Q9H0S4,Homo sapiens,D_WC,1,20
Q9H0S4,Homo sapiens,D_PA,413,455
Q9H116,Homo sapiens,D_WC,153,220
Q9H116,Homo sapiens,D_PA,243,312
Q9H165,Homo sapiens,D_PA,1,41
Q9H165,Homo sapiens,D_WC,323,376
Q9H165,Homo sapiens,D_WC,421,458
Q9H165,Homo sapiens,D_NPE,471,512
Q9H165,Homo sapiens,D_PA,572,619
Q9H165,Homo sapiens,D_WC,678,740
Q9H1I8,Homo sapiens,D_PA,617,687
Q9H1I8,Homo sapiens,D_PA,699,757
Q9H2U1,Homo sapiens,D_WC,1,58
Q9H2X6,Homo sapiens,D_WC,792,847
Q9H2X6,Homo sapiens,D_WC,864,885
Q9H2X6,Homo sapiens,D_WC,990,1056
Q9H4L4,Homo sapiens,D_WC,1,125
Q9H4L4,Homo sapiens,D_WC,161,181
Q9H4Z2,Homo sapiens,D_WC,1,102
Q9H4Z2,Homo sapiens,D_WC,201,228
Q9H4Z2,Homo sapiens,D_PA,274,442
Q9H4Z2,Homo sapiens,D_WC,732,763
Q9H4Z2,Homo sapiens,D_WC,964,1013
Q9H583,Homo sapiens,D_PPE,1170,1191
Q9H633,Homo sapiens,D_WC,117,154
Q9H6R0,Homo sapiens,D_WC,1,64
Q9H7B2,Homo sapiens,D_PA,270,306
Q9H814,Homo sapiens,D_WC,1,33
Q9H814,Homo sapiens,D_WC,83,111
Q9H814,Homo sapiens,D_PA,183,211
Q9H869,Homo sapiens,D_WC,1,45
Q9H869,Homo sapiens,D_WC,463,488
Q9H869,Homo sapiens,D_WC,755,776
Q9H8H2,Homo sapiens,D_WC,1,196
Q9H8H2,Homo sapiens,D_PPE,762,784
Q9H8H2,Homo sapiens,D_WC,804,851
Q9H9L3,Homo sapiens,D_WC,1,93
Q9H9L3,Homo sapiens,D_WC,125,172
Q9H9Y6,Homo sapiens,D_WC,1,24
Q9H9Z2,Homo sapiens,D_WC,1,31
Q9H9Z2,Homo sapiens,D_WC,178,209
Q9HA38,Homo sapiens,D_WC,1,42
Q9HA38,Homo sapiens,D_WC,180,201
Q9HAF1,Homo sapiens,D_PA,104,191
Q9HAJ7,Homo sapiens,D_WC,1,23
Q9HAJ7,Homo sapiens,D_PA,85,105
Q9HBD1,Homo sapiens,D_WC,528,576
Q9HBD1,Homo sapiens,D_WC,644,680
Q9HC62,Homo sapiens,D_PA,155,176
Q9HCE1,Homo sapiens,D_WC,966,1003
Q9HCG8,Homo sapiens,D_PA,1,129
Q9HCG8,Homo sapiens,D_NPE,404,443
Q9HCG8,Homo sapiens,D_PA,654,908
Q9NPI6,Homo sapiens,D_WC,132,154
Q9NPI6,Homo sapiens,D_WC,172,214
Q9NPI6,Homo sapiens,D_WC,513,536
Q9NPJ4,Homo sapiens,D_WC,1,51
Q9NPJ4,Homo sapiens,D_WC,61,80
Q9NPJ4,Homo sapiens,D_WC,89,110
Q9NQB0,Homo sapiens,D_PA,1,96
Q9NQB0,Homo sapiens,D_PA,318,350
Q9NQB0,Homo sapiens,D_PA,420,441
Q9NQB0,Homo sapiens,D_WC,496,547
Q9NQB0,Homo sapiens,D_WC,574,619
Q9NQI0,Homo sapiens,D_WC,1,246
Q9NQI0,Homo sapiens,D_WC,704,724
Q9NQT4,Homo sapiens,D_PA,1,24
Q9NQZ3,Homo sapiens,D_WC,1,27
Q9NQZ3,Homo sapiens,D_WC,163,192
Q9NQZ3,Homo sapiens,D_WC,328,357
Q9NR30,Homo sapiens,D_PA,1,188
Q9NR30,Homo sapiens,D_WC,708,783
Q9NR90,Homo sapiens,D_WC,1,27
Q9NRA8,Homo sapiens,D_PA,1,24
Q9NRA8,Homo sapiens,D_WC,208,230
Q9NRA8,Homo sapiens,D_WC,664,693
Q9NRA8,Homo sapiens,D_WC,707,803
Q9NRA8,Homo sapiens,D_WC,922,953
Q9NRC8,Homo sapiens,D_PA,1,27
Q9NRC8,Homo sapiens,D_WC,354,380
Q9NRG9,Homo sapiens,D_WC,500,546
Q9NRR4,Homo sapiens,D_WC,1,95
Q9NRR4,Homo sapiens,D_PA,130,406
Q9NRR4,Homo sapiens,D_PA,452,497
Q9NRX1,Homo sapiens,D_WC,1,71
Q9NSB8,Homo sapiens,D_WC,112,166
Q9NTZ6,Homo sapiens,D_WC,96,116
Q9NTZ6,Homo sapiens,D_WC,392,424
Q9NTZ6,Homo sapiens,D_WC,717,853
Q9NVN8,Homo sapiens,D_PA,1,58
Q9NVP1,Homo sapiens,D_PA,31,169
Q9NVU7,Homo sapiens,D_NPE,483,525
Q9NVU7,Homo sapiens,D_PA,604,669
Q9NW13,Homo sapiens,D_PA,84,105
Q9NW13,Homo sapiens,D_PA,201,330
Q9NW13,Homo sapiens,D_PA,594,759
Q9NWB1,Homo sapiens,D_WC,1,121
Q9NWZ8,Homo sapiens,D_PA,94,130
Q9NX58,Homo sapiens,D_PA,143,307
Q9NYF8,Homo sapiens,D_PA,1,437
Q9NYF8,Homo sapiens,D_PA,464,502
Q9NYF8,Homo sapiens,D_PA,637,796
Q9NYF8,Homo sapiens,D_WC,810,840
Q9NYF8,Homo sapiens,D_PA,862,920
Q9NYV6,Homo sapiens,D_WC,624,651
Q9NZ56,Homo sapiens,D_WC,1,104
Q9NZ56,Homo sapiens,D_WC,126,189
Q9NZ56,Homo sapiens,D_WC,207,475
Q9NZ56,Homo sapiens,D_PA,612,663
Q9NZ56,Homo sapiens,D_WC,797,1252
Q9NZI8,Homo sapiens,D_WC,160,190
Q9NZM5,Homo sapiens,D_PA,1,51
Q9NZM5,Homo sapiens,D_PA,303,344
Q9P0U4,Homo sapiens,D_NPE,1,20
Q9P0U4,Homo sapiens,D_WC,84,162
Q9P0U4,Homo sapiens,D_WC,219,287
Q9P0U4,Homo sapiens,D_PA,311,373
Q9P1T7,Homo sapiens,D_WC,1,71
Q9P275,Homo sapiens,D_PA,1,22
Q9P275,Homo sapiens,D_PA,67,95
Q9P275,Homo sapiens,D_WC,430,577
Q9P275,Homo sapiens,D_WC,589,999
Q9P2D1,Homo sapiens,D_WC,86,144
Q9P2D1,Homo sapiens,D_WC,160,186
Q9P2D1,Homo sapiens,D_WC,199,287
Q9P2D1,Homo sapiens,D_WC,375,419
Q9P2D1,Homo sapiens,D_PA,498,816
Q9P2D1,Homo sapiens,D_PA,938,959
Q9P2D1,Homo sapiens,D_PA,1576,1600
Q9P2D1,Homo sapiens,D_PA,1837,1863
Q9P2D1,Homo sapiens,D_PA,2170,2290
Q9P2D1,Homo sapiens,D_WC,2823,2873
Q9P2D1,Homo sapiens,D_PA,2935,2997
Q9P2E3,Homo sapiens,D_WC,1,58
Q9P2E3,Homo sapiens,D_PA,75,140
Q9P2E3,Homo sapiens,D_NPE,796,819
Q9P2E3,Homo sapiens,D_WC,876,896
Q9UBY9,Homo sapiens,D_WC,1,39
Q9UER7,Homo sapiens,D_WC,1,55
Q9UER7,Homo sapiens,D_WC,147,185
Q9UER7,Homo sapiens,D_WC,384,724
Q9UHD9,Homo sapiens,D_WC,1,32
Q9UHD9,Homo sapiens,D_WC,106,141
Q9UHD9,Homo sapiens,D_WC,287,349
Q9UHD9,Homo sapiens,D_WC,512,556
Q9UK58,Homo sapiens,D_WC,1,36
Q9UK58,Homo sapiens,D_PA,318,526
Q9UKD2,Homo sapiens,D_NPE,215,239
Q9UKL3,Homo sapiens,D_PA,159,552
Q9UKL3,Homo sapiens,D_WC,569,593
Q9UKL3,Homo sapiens,D_PA,875,1017
Q9UKL3,Homo sapiens,D_WC,1157,1188
Q9UKL3,Homo sapiens,D_WC,1251,1283
Q9UKL3,Homo sapiens,D_PA,1803,1909
Q9UKV8,Homo sapiens,D_WC,1,27
Q9UKX7,Homo sapiens,D_PA,1,25
Q9UKX7,Homo sapiens,D_WC,122,148
Q9UKX7,Homo sapiens,D_WC,201,224
Q9UKX7,Homo sapiens,D_PA,238,269
Q9UKX7,Homo sapiens,D_PA,304,345
Q9UKY1,Homo sapiens,D_WC,24,63
Q9UKY1,Homo sapiens,D_PA,202,236
Q9UKY1,Homo sapiens,D_PA,626,667
Q9UKY1,Homo sapiens,D_PA,732,770
Q9UKY1,Homo sapiens,D_NPE,829,873
Q9UL42,Homo sapiens,D_NPE,335,364
Q9ULX6,Homo sapiens,D_PA,264,381
Q9ULX6,Homo sapiens,D_WC,545,646
Q9UMY1,Homo sapiens,D_PA,1,94
Q9UN81,Homo sapiens,D_WC,1,40
Q9UNQ2,Homo sapiens,D_PA,1,21
Q9UPQ9,Homo sapiens,D_PA,1,98
Q9UPQ9,Homo sapiens,D_WC,126,161
Q9UPQ9,Homo sapiens,D_WC,205,349
Q9UPQ9,Homo sapiens,D_WC,367,1046
Q9UPQ9,Homo sapiens,D_WC,1193,1212
Q9UPQ9,Homo sapiens,D_WC,1316,1346
Q9UPQ9,Homo sapiens,D_WC,1590,1638
Q9UPQ9,Homo sapiens,D_WC,1730,1763
Q9UPQ9,Homo sapiens,D_WC,1809,1833
Q9UPS6,Homo sapiens,D_WC,1,26
Q9UPS6,Homo sapiens,D_WC,235,302
Q9UPS6,Homo sapiens,D_WC,357,660
Q9UPS6,Homo sapiens,D_WC,675,719
Q9UPS6,Homo sapiens,D_PA,963,1462
Q9UPS6,Homo sapiens,D_WC,1501,1541
Q9UPS6,Homo sapiens,D_WC,1555,1606
Q9UPS6,Homo sapiens,D_WC,1636,1668
Q9UPS6,Homo sapiens,D_WC,1767,1800
Q9UQ35,Homo sapiens,D_WC,141,2132
Q9UQ35,Homo sapiens,D_WC,2311,2342
Q9UQ35,Homo sapiens,D_WC,2389,2752
Q9UQ80,Homo sapiens,D_PA,358,394
Q9Y2F5,Homo sapiens,D_WC,223,259
Q9Y2F5,Homo sapiens,D_WC,517,540
Q9Y2F5,Homo sapiens,D_PA,591,623
Q9Y2F5,Homo sapiens,D_WC,925,955
Q9Y2F5,Homo sapiens,D_WC,977,1001
Q9Y2F5,Homo sapiens,D_WC,1107,1133
Q9Y2F5,Homo sapiens,D_WC,1295,1372
Q9Y2F5,Homo sapiens,D_WC,1467,1510
Q9Y2F5,Homo sapiens,D_WC,1543,1707
Q9Y2F5,Homo sapiens,D_WC,1809,1902
Q9Y2V2,Homo sapiens,D_WC,1,52
Q9Y2W1,Homo sapiens,D_PPE,1,94
Q9Y2W1,Homo sapiens,D_PA,117,559
Q9Y2W1,Homo sapiens,D_PA,663,955
Q9Y3M2,Homo sapiens,D_WC,1,26
Q9Y3R0,Homo sapiens,D_WC,754,798
Q9Y3R0,Homo sapiens,D_WC,841,860
Q9Y3R0,Homo sapiens,D_WC,935,981
Q9Y3R0,Homo sapiens,D_WC,1093,1128
Q9Y3S2,Homo sapiens,D_PA,1,23
Q9Y3S2,Homo sapiens,D_PA,206,320
Q9Y3Y2,Homo sapiens,D_WC,151,204
Q9Y4C8,Homo sapiens,D_PA,85,119
Q9Y4C8,Homo sapiens,D_PA,149,294
Q9Y4C8,Homo sapiens,D_WC,491,513
Q9Y4C8,Homo sapiens,D_PA,667,729
Q9Y4E5,Homo sapiens,D_WC,1,38
Q9Y4W2,Homo sapiens,D_PA,204,255
Q9Y4W2,Homo sapiens,D_NPE,547,619
Q9Y4X5,Homo sapiens,D_PA,1,95
Q9Y4Z0,Homo sapiens,D_WC,87,139
Q9Y580,Homo sapiens,D_WC,90,119
Q9Y580,Homo sapiens,D_PA,162,266
Q9Y5A9,Homo sapiens,D_WC,1,45
Q9Y5A9,Homo sapiens,D_WC,247,387
Q9Y657,Homo sapiens,D_WC,1,51
Q9Y6X2,Homo sapiens,D_WC,597,617
