uniprot,start,end,score,seq
Q8IZL2,588,647,60.942,QQQQQQQQQQQQQQQQQQQQQQQQQQQQQQQQQQSSISAQQQQQQQSSISAQQQQQQQQQ
O14686,3913,3972,57.48,QQQQQQQLQQQQQLQQQQLQQQQQQQQLQQQQQQQLQQQQQQLQQQQQQQQQQFQQQQQQ
P20226,55,114,51.064,QQRQQQQQQQQQQQQQQQQQQQQQQQQQQQQQQQQQQQQQQAVAAAAVQQSTSQQATQGT
Q8NDV7,65,124,42.183,QPQPANSNNGTSTATSTNNNAKRATANNQQPQQQQQQQQPQQQQPQQQPQPQPQQQQPQQ
Q9NSY1,458,517,40.342,PHQQQQQQQQQQQQQQQQQQQQQQQQQQQHHHHHHHHLLQDAYMQQYQHATQQQQMLQQQ
O75177,307,366,39.501,NSQYSQQQAGYQQGAAQQQTYSQQQYPSQQSYPGQQQGYGSAQGAPSQYPGYQQGQGQQY
P35637,120,179,37.794,SSYGQPQSGSYSQQPSYGGQQQSYGQQQSYNPPQGYGQQNQYNSSSGGGGGGGGGGNYGQ
Q96JK9,470,529,37.679,QMAAQQQQRAKLMQQKQQQQQQQQQQQQQQQQQQQQQQQQQHSNQTSNWSPLGPPSSPYG
Q9Y6Q9,1235,1294,36.042,SHHFRQQRVAMMMQQQQQQQQQQQQQQQQQQQQQQQQQQQQQTQAFSPPPNVTASPSMDG
P54253,197,256,35.563,QQQQQQQQQQQQHQHQQQQQQQQQQQQQQHLSRAPGLITPGSPPPAQQNQYVHISSSPQN
Q92793,2199,2258,35.47,QQQQQQQQQQQQQQQQQQGSAGMAGGMAGHGQFQQPQGPGGYPPAMQQQQRMQQHLPLQG
O94916,1242,1301,35.072,QSNSPSQEQQQQQQQQQQQQQQQQQSILFSNQNTMATMASPKQPPPNMIFNPNQNPMANQ
Q92804,33,92,33.261,QSYSGYGQTTDSSYGQNYSGYSSYGQSQSGYSQSYGGYENQKQSSYSQQPYNNQGQQQNM
Q09472,2185,2244,32.861,RQQMMQQQQQQGAGPGIGPGMANHNQFQQPQGVGYPPQQQQRMQHHMQQMQQGNMGQIGQ
Q01844,205,264,32.458,QSSYSQQNTYGQPSSYGQQSSYGQQSSYGQQPPTSYPPQTGSYSQAPSQYSQQSSSYGQQ
O14979,341,400,31.589,GQGQNWNQGFNNYYDQGYGNYNSAYGGDQNYSGYGGYDYTGYNYGNYGYGQGYADYSGQQ
Q14103,281,340,30.717,GRGGGPSQNWNQGYSNYWNQGYGNYGYNSQGYGGYGGYDYTGYNNYYGYGDYSNQQSGYG
Q92794,1912,1971,30.651,NSMNMNTLNAMNSYRMTQPMMNSSYHSNPAYMNQTAQYPMQMQMGMMGSQAYTQQPMQPN
Q2M2I8,519,578,30.448,SQGGSQQQLMQNFYQQQQQQQQQQQQQQLATALHQQQLMTQQAALQQKPTMAAGQQPQPQ
P22626,276,335,30.064,YGNQGGGYGGGYDNYGGGNYGSGNYNDFGNYNQQPSNYGPMKSGNFGGSRNMGGPYGGGN
Q12906,744,803,29.932,SYGSGYQSHQGQQQSYNQSPYSNYGPPQGKQKGYNHGQGSYSYSNSYNSPGGGGGSDYNY
O14776,180,239,28.989,QAQVQAQAQAQAQAQAQAQAQAQAQAQAQAQAQAQAQAQAQAQAQAQAQAQAQAQAQAQA
Q96PN7,259,318,28.793,QHMQQMQQHQYYPPQQQQQAGQQRISMQEIQTQPQQIRPSQPQPPPQQQQPQQLQLQQRQ
Q9BUJ2,643,702,28.61,QNRGGGSGGGGNYRGGFNRSGGGGYSQNRWGNNNRDNNNSNNRGSYNRAPQQQPPPQQPP
P09651,266,325,28.36,GYGSGGQGYGNQGSGYGGSGSYDSYNNGGGGGFGGGSGSNFGGGGSYNDFGNYNNQSSNF
D6RBZ0,235,294,27.827,YQQQQYGSGGRGNRNRGNRGSGGGQSQSWNQGYGNYWNQGYGYQQGYGPGYGGYDYSPYG
Q99729,235,294,27.489,YQQQQYGSGGRGNRNRGNRGSGGGGGGGGQSQSWNQGYGNYWNQGYGYQQGYGPGYGGYD
P51991,287,346,27.409,GGYGGGGPGYGNQGGGYGGGGGYDGYNEGGNFGGGNYGGGGNYNDFGNYSGQQQSNYGPM
Q8NFD5,570,629,27.372,MAGMQYPQQQMPPQYGQQGVSGYCQQGQQPYYSQQPQPPHLPPQAQYLPSQSQQRYQPQQ
P0CG23,205,264,27.017,QQQQEQLQQQQLLQQQEQLQQQQFQQQQEQLQQQQQLLLLQQQGQLQQQLLQQQQAQLQQ
Q13148,301,360,26.454,NNQGSNMGGGMNFGAFSINPAMMAAAQAALQSSWGMMGMLASQQNQSGPSGNNQNQGNMQ
Q86YW9,2058,2117,26.434,QQQRLLQMQQPQQPQPQQPPQPQQSSQSQSQTLGLQAMQPQQPLFPRQGLQQTQQQQQTA
Q9Y2K5,524,583,24.981,GQYPNSNQQYRPLSHPVAYSPQRGQQLPQPSQQPGLQPMMPNQQQAAYQGMIGVQQPQNQ
B3KX72,690,749,24.847,YSNRGNYNRGGMPNRGNYNQNFRGRGNNRGYKNQSQGYNQWQQGQFWGQKPWSQHYHQGY
Q00839,765,824,24.847,YSNRGNYNRGGMPNRGNYNQNFRGRGNNRGYKNQSQGYNQWQQGQFWGQKPWSQHYHQGY
Q9P2D1,158,217,23.588,APYQQQQPQPQPPQPAPSGPPAQGHPQHMQQMGSYMARGDFSMQQHGQPQQRMSQFSQGQ
Q6E0U4,236,295,23.429,GSGGGSSNSGGGSGSQSGSSGSGSNGDNNNGSSSGGSSSGSSSGGSSGGSSGGSSGNSGG
P31483,292,351,23.224,NPVQQQNQIGYPQPYGQWGQWYGNAQQIGQYMPNGWQVPAYGMYGQAWNQQGFNQTQSSA
Q99502,174,233,23.119,QPGQAPYSYQMQGSSFTTSSGIYTGNNSLTNSSGFNSSQQDYPSYPSFGQGQYAQYYNSS
Q32P51,243,302,22.965,GYNGFGNDGSNFGGGGSYNDFGNYNNQSSNFGPMKGGNFGGRSSGPYGGGGQYFAKPQNQ
Q8WUM4,809,868,22.924,YPGYCQMPMPMGYNPYAYGQYNMPYPPVYHQSPGQAPYPGPQQPSYPFPQPPQQSYYPQQ
Q4VCS5,358,417,22.757,PNQAHQGDHYRLSQPGLSQQQQQQQQQHHHHHHHQQQQQQQPQQQPGEAYSAMPRAQPSS
Q9UBL0,651,710,22.569,TQQYRPMAPVQYNAQRSQQMPQAAQQAGYQPVLSGQQGFQGLIGVQQPPQSQNVINNQQG
Q7Z429,59,118,21.982,HGPSPYPQGGYPQGPYPQGGYPQGPYPQEGYPQGPYPQGGYPQGPYPQSPFPPNPYGQPQ
Q8WU79,358,417,21.892,QQAGYMAGMAAMPQTVYGVQPAQQLQWNLTQMTQQMAGMNFYGANGMMNYGQSMSGGNGQ
Q8IZD2,1520,1579,21.866,TQTPSGQSSATYSQFNQQSLNSTAPPPPPPPPPSSSYYQNQQPSANFQNYNQLKGSLSQQ
Q9BWU1,371,430,21.386,NQQQQQNQHQQPTAPPQQAAAPPQAPPPQQNSTQTNGTAGGAGAGVGGTGAGLQHSQDSS
P17844,531,590,21.261,QNGVYSAANYTNGSFGSNFVSAGIQTSFRTGNPTGTYQNGYDSTQQYGSNVPNMHNGMNQ
Q9C0J8,602,661,21.083,QQPHPSQQMPMNMAQMGPPGPQGQFRPPGPQGQMGPQGPPLHQGGGGPQGFMGPQGPQGP
P23246,41,100,21.051,NQNRGPMGPGPGQSGPKPPIPPPPPHQQQQQPPPQQPPPQQPPPHQPPPHPQPHQQQQPP
P08247,254,313,21.02,GYGQGPGGYGPQDSYGPQGGYQPDYGQPAGSGGSGYGPQGDYGQQGYGPQGAPTSFSNQM
F8W6I7,230,289,21.02,GYNGFGNDGSNFGGGGSYNDFGNYNNQSSNFGPMKGGNFGGRSSGPYGGGGQYFAKPRNQ
Q13151,206,265,20.76,QNGLSKGGGGGYNSYGGYGGGGGGGYNAYGGGGGGSSYGGSDYGNGFGGFGSYSQHQSSY
Q9NQV6,972,1031,20.552,QPYPQHAIQVQHIQVSGQPLSPSAQQAQQGLSPSHIQGSSSTQGQALQQQQQQQQNSSVQ
Q15032,663,722,20.124,PSVHYNSHLNQPLPQPAQQTGYQVIPNQQQNYQGIVGVQQPQSQSLVSGQPNSIGNQIQG
O14964,704,763,19.818,MGYQPYNMQNLMTTLPSQDASLPPQQPYIAGQQPMYQQMAPSGGPPQQQPPVAQQPQAQG
Q9HCD5,447,506,19.649,NSSSASPSVAAGNTPNQNFSTAANSQPQQRSQASGNQPPSILGQGGSAQNMGPRPGAPSQ
O43765,229,288,18.694,GFMSMASNLMNNPQIQQLMSGMISGGNNPLGTPGTSPSQNDLASLIQAGQQFAQQMQQQN
P46100,2415,2474,18.63,QQQYNQQQQQQMTYQQATLGHLMMPKPPNLIMNPSNYQQIDMRGMYQPVAGGMQPPPLQR
O14994,439,498,18.609,QGGPRQAQSPQPQRSGSPSQQRLSPQGQQPLSPQSGSPQQQRSPGSPQLSRASSGSSPNQ
Q8NCA5,390,449,18.152,GGGGYQDGGYRDSGFQPGGYHGGHSSGGYQGGGYGGFQTSSSYTGSGYQGGGYQQDNRYQ
P55795,388,447,17.557,SGGAYGSQMMGGMGLSNQSSYGGPASQQLSGGYGGGYGGQSSMSGYDQVLQENSSDYQSN
O60885,967,1026,17.552,QQQLQQQPPPPPPPQPQPPPQQQHQPPPRPVHLQPMQFSTHIQQPPPPQGQQPPHPPPGQ
Q9H4A3,699,758,17.435,QAQSQPHGVYPPSSVAQGQSQGQPSSSSLTGVSSSQPIQHPQQQQGIQQTAPPQQTVQYS
Q9UPA5,3744,3803,17.422,QPQLQGRQAAPGPQQSQSPSSRQIPSGAASRQPQTQQQQQGLGLQPPQQALTQARLQQQS
P08047,339,398,17.276,MNFTTSGSSGTNSQGQTPQRVSGLQGSDALNIQQNQTSGGSLQAGQQKEGEQNQQTQQQQ
P13645,498,557,17.245,GYGGGSSGGGSSGGGYGGGSSSGGHGGSSSGGYGGGSSGGGGGGYGGGSSGGGSSSGGGY
Q9GZV5,174,233,17.107,STPVPQRSMAVSQPNLVMNHQHQQQMAPSTLSQQNHPTQNPPAGLMSMPNALTTQQQQQQ
P04264,519,578,17.099,GGGGGGYGSGGSSYGSGGGSYGSGGGGGGGRGSYGSGGSSYGSGGGSYGSGGGGGGHGSY
Q5TAX3,1431,1490,16.646,QPFPQNSSQSAAITQPSSQPGSQPKLGPPQQGAQPPHQVQMPLYNFPQSPPAQYSPMHNM
P23511,99,158,16.508,QGLQQIQLVPPGQIQIQGGQAVQVQGQQGQTQQIIIQQPQTAVTAGQTQTQQQIAVQGQQ
P31943,388,447,16.474,SGGAYGSQMMGGMGLSNQSSYGGPASQQLSGGYGGGYGGQSSMSGYDQVLQENSSDFQSN
Q6KC79,112,171,16.259,MQNRYVQSGMMMSQYKLSQNSMHSSPASSNYQQTTISHSPSSRFVPPQTSSGNRFMPQQN
Q96PK6,362,421,16.066,ASSYNTQGAASSLGSYGAQAASYGAQSAASSLAYGAQAASYNAQPSASYNAQSAPYAAQQ
Q6P3W7,852,911,16.044,SMNQLSQQKPNQWLNQFVPPQGSPTMGSSVMGTQMNVIGQSAFGMQGNPFFNPQNFAQPP
Q92540,711,770,15.849,GKQSHIPYSQQRPSGPGPMNQGPQQSQPPSQQPLTSLPAQPTAQSTSQLQVQALTQQQQS
P33240,203,262,15.838,GNPQPVHGAGPGSGSNVSMNQQNPQAPQAQSLGGMHVNGAPPLMQASMQGGVPAPGQMPA
Q9HCJ0,136,195,15.411,NMGNQNGNPTGTLGAWGNLLPQESTEPQTSTSQNVSFSAQPQNLNTDGPNNTNPMNSSPN
P48431,171,230,15.005,YSMMQDQLGYPQHPGLNAHGAAQMQPMHRYDVSALQYNSMTSSQTYMNGSPTYSMSYSQQ
Q9NRR4,139,198,14.948,QGTFPFMMPPPSMPHPPPPPVMPQQVNYQYPPGYSHHNFPPPSFNSFQNNPSSFLPSANN
Q14444,537,596,14.94,QQNQYQASYNQSFSSQPHQVEQTELQQEQLQTVVGTYHGSPDQSHQVTGNHQQPPQQNTG
Q92841,660,719,14.897,YGASSTTSTGRSSQSSSQQFSGIGRSGQQPQPLMSQQFAQPPGATNMIGYMGQTAYQYPP
Q86US8,495,554,14.859,QASYYKFQNSDNPYYYPRTPGPASQYPYTGYNPLQYPVGPTNGVYPGPYYPGYPTPSGQY
O94979,872,931,14.684,PQPQPYQPAQPYPFGTGGSAMYRPQQPVAPPTSNAYPNTPYISSASSYTGQSQLYAAQHQ
Q8N5C8,234,293,14.667,QTSQSSSGRQTPQSTPWQSSPQGPVPHYSQRPLPVYPHQQNYQPSQYSPKQQQIPQSAYH
P53992,1,60,14.24,MNVNQSVPPVPPFGQPQPIYPGYHQSSYGGQSGSTAPAIPYGAYNGPVPGYQQTPPQGMS
B4DHY1,168,227,14.185,GMGGSGMGGYGRDGMDNQGGYGSVGRMGMGNNYSGGYGTPDGLGGYGRGGGGSGGYYGQG
P31942,276,335,14.185,GMGGSGMGGYGRDGMDNQGGYGSVGRMGMGNNYSGGYGTPDGLGGYGRGGGGSGGYYGQG
Q9H0L4,509,568,14.127,QGTGIQGTGMQGAGIQGGGMQGAGIQGVSIQGGGIQGGGIQGASKQGGSQPSSFSPGQSQ
Q9UBV8,55,114,14.119,YGPPAGGGPYGHPNPGMFPSGTPGGPYGGAAPGGPYGQPPPSSYGAQQPGLYGQGGAPPN
Q01085,297,356,13.565,SQVYGNPQQYGQYMANGWQVPPYGVYGQPWNQQGFGVDQSPSAAWMGGFGAQPPQGQAPP
P49750,156,215,13.56,SYMPPSQSYMPPPQPPPSYYPPTSSQPYLPPAQPSPSQSPPSQSYLAPTPSYSSSSSSSQ
P55317,32,91,13.436,SNMNSGLGSMNSMNTYMTMNTMTTSGNMTPASFNMSYANPGLGAGLSPGAVAGMPGGSAG
Q14677,498,557,13.43,PQQPSLNTMIQQQNMQQPMNVMTQSFGAVNLSSPSNMLPVRPQTNALIGGPMPMSMPNVM
P49790,1375,1434,13.353,GQQPSQSAFGSGTTPNSSSAFQFGSSTTNFNFTNNSPSGVFTFGANSSTPAASAQPSGSG
O75400,63,122,13.349,YAPMGMHPMGQRANMPPVPHGMMPQMMPPMGGPPMGQMPGMMSSVMPGMMMSHMSQASMQ
P50995,88,147,13.259,GGFGQPPSAQQPVPPYGMYPPPGGNPPSRMPSYPPYPGAPVPGQPMPPPGQQPPGAYPGQ
P35908,519,578,13.148,GGSGGRGSSSGGGYSSGSSSYGSGGRQSGSRGGSGGGGSISGGGYGSGGGSGGRYGSGGG
P20073,88,147,12.783,PPGQGFGVPPGGAGFSGYPQPPSQSYGGGPAQVPLPGGFPGGQMPSQYPGGQPTYPSQIN
Q92922,956,1015,12.692,QQMEQQQHGQNPQQAHQHSGGPGLAPLGAAGHPGMMPHQQPPPYPLMHHQMPPPHPPQPG
Q68DE3,1553,1612,12.67,GQPHPHHQQMQQQMQQHFGSSQTEKSCENPSTSRNHHNHPQNHLNQDIMHQQQDVGSRQQ
Q59F66,623,682,12.63,YGSPNSAFGAQAGQYTYGQGTYGAAAYGTSSYTAQEYGAGTYGASSTTSTGRSSQSSSQQ
Q9C0B9,1056,1115,12.623,NGSYLNQAHQSNGNQLPFFLPQTPYANGLVHDPVMGSQANYGMQQMAGFGRFYPVYPAPN
P17600,447,506,12.529,QTSQQPAGPPAQQRPPPQGGPPQPGPGPQRQGPPLQQRPPPQGQQHLSGLGPPAGSPLPQ
P24928,1724,1783,12.473,SPSYSPTSPSYSPTSPSYSPTSPNYSPTSPNYTPTSPSYSPTSPSYSPTSPNYTPTSPNY
Q9NYJ8,237,296,12.329,SQFNPMNPQQVYQPSQPGPWTTCPASNPLSHTSSQQPNQQGHQTSHVYMPISSPTTSQPP
Q9BYJ9,299,358,12.291,QQVAQPLPAQPPALAQPQYQSPQQPPQTRWVAPRNRNAAFGQSGGAGSDSNSPGNVQPNS
O43670,400,459,12.128,GPIGGMMPPQPGIPQQQGMRPPMPPHGQYGGHHQGMPGYLPGAMPPYGQGPPMVPPYQGG
P14859,176,235,12.059,LQQLQQLQQQNLNLQQFVLVHPTTNLQPAQFIISQTPQGQQGLLQAQNLLTQLPQQSQAN
Q9UMX0,387,446,12.014,NPQLMQNMLSAPYMRSMMQSLSQNPDLAAQMMLNNPLFAGNPQLQEQMRQQLPTFLQQMQ
Q96EP5,346,405,11.884,YGQYAGYGQDLSGFGQGFSDPSQQPPSYGGPSVPGSGGPPAGGSGFGRGQNHNVQGFHPY
Q9Y5A9,294,353,11.812,QNIGQPTQGSPQPVGQQANNSPPVAQASVGQQTQPLPPPPPQPAQLSVQQQAAQPTRWVA
Q9NZN8,156,215,11.765,NSMSSSGLGSPNRSSPSIICMPKQQPSRQPFTVNSMSGFGMNRNQAFGMNNSLSSNIFNG
P17931,13,72,11.676,GSGNPNPQGWPGAWGNQPAGAGGYPGASYPGAYPGQAPPGAYPGQAPPGAYPGAPGAYPG
Q7KZ85,1609,1668,11.605,QQPVATPLMTPSYSYTTPSQPITTPQYHQLQASTTPQSAQAQPQPSSSSRQRQQQPKSNS
Q8TAP9,54,113,11.546,YGPRSRPYGSSHSPRHGGSFPGGRFGSPSPGGYPGSYSRSPAGSQQQFGYSPGQQQTHPQ
Q92585,747,806,11.268,GSQNMPQSSLYGMASGITQIVAQPPPQATNGHAHIPRQTNVGQNTSVSAAYGQNSLGSSG
Q1KMD3,644,703,10.567,NNRNKRNRQNRSRGQGYVGGQRRGYDNRAYGQQYWGQPGNRGGYRNFYDRYRGDYDRFYG
Q9BSE4,148,207,10.486,QAQTDQAQSHQFPYVMQGNVDNQFPGQAAPPGFPVYPAFSPLQMLWWQQMYAHQYYMQYQ
O95835,360,419,10.408,QNVVPAGTVNRQPPPPYPLTAANGQSPSALQTGGSAAPSSYTNGSIPQSMMVPNRNSHNM
P48436,411,470,10.338,QQHSPQQIAYSPFNLPHYSPSYPPITRSQYDYTDHQNSSSYYSHAAGQGTGLYSTFTYMN
Q8IXK0,67,126,10.333,QPSTAAQYLQQMYAAQQQHLMLQTAALQQQHLSSAQLQSLAAVQQASLVSNRQGSTSGSN
Q08211,1169,1228,10.287,NGSGYRRGGSSYSGGGYGGGYSSGGYGSGGYGGSANSFRAGYGAGVGGGYRGVSRGGFRG
Q99700,1157,1216,10.276,QQSQHGGSHPAPSPVQHHQHQAAQALHLASPQQQSAIYHAGLAPTPPSMTPASNTQSPQN
Q8NEM7,636,695,10.192,QQQQQQLSQFTPQQPQQPTTCSPQQPGEQGSEQGSTSQEQALSAQQAAVINLTGVGSFMQ
Q8WXF1,415,474,10.108,NQGPPPMMGMNMNNRATIPGPPMGPGPAMGPEGAANMGTPMMPDNGAVHNDRFPQGPPSQ
Q9NY12,5,64,9.63,GGGRGGFNRGGGGGGFNRGGSSNHFRGGGGGGGGGNFRGGGRGGFGRGGGRGGFNKGQDQ
Q8WWM7,783,842,9.61,PYSSYIPYNPQQFPGQPAMMQPMAHYPSQPVFAPMLQSNPRMLTSGSHPQAIVSSSTPQY
Q15637,501,560,9.305,QQQQQQPPPPPPPSSSMASSTPLPWQQNTTTTTTSAGTGSIPPWQQQQAAAAASPGAPQM
Q96AE4,518,577,9.253,QQQAPPDPAKAGTDPNSAAWAAYYAHYYQQQAQPPPAAPAGAPTTTQTNGQGDQQNPAPA
O95486,25,84,9.154,ASGSPYTNGPVQNALLSSQESVSQGYNFQLPGSYPHPIPAKTLNPVSGQSNYGGSQGSGQ
Q52LJ0,371,430,8.708,GGGGGWGGGGGGGRGGFQGRGDYGGRGGYGGRGGYGGRGYGDPYGGGGGGGGGGGGGGGY
O43432,62,121,8.668,QGPQYCIPQYRHSGPPYVGPPQQYPVQPPGPGPFYPGPGPGDFPNAYGTPFYPSQPVYQS
Q9UHD9,343,402,8.391,GNSSSNATGNTVAAANYVASIFSTPGMQSLLQQITENPQLIQNMLSAPYMRSMMQSLSQN
P12035,536,595,7.333,GGYGGGYGGGMGGGLGGGFSAGGGSGSGFGRGGGGGIGGGFGGGSSGFSGGSGFGSISGA
A1KXE4,40,99,6.628,NMYPGANPTFQTGYTPGTPYKVSCSPTSGAVPPYSSSPNPYQTAVYPVRSAYPQQSPYAQ
